Duration, Message, Code 
1805.3175919999999, fetch failed, undefined 
2642.192856, fetch failed, undefined 
2660.408692, fetch failed, undefined 
2660.632423, fetch failed, undefined 
2661.325659, fetch failed, undefined 
2662.470229, fetch failed, undefined 
2663.5318070000003, fetch failed, undefined 
2663.538853, fetch failed, undefined 
2665.904071, fetch failed, undefined 
2665.4663450000003, fetch failed, undefined 
2666.433399, fetch failed, undefined 
2668.005061, fetch failed, undefined 
2668.480368, fetch failed, undefined 
2669.0454400000003, fetch failed, undefined 
2669.398632, fetch failed, undefined 
2671.211072, fetch failed, undefined 
2671.776381, fetch failed, undefined 
2671.926759, fetch failed, undefined 
2672.891232, fetch failed, undefined 
2673.520282, fetch failed, undefined 
2673.84434, fetch failed, undefined 
2674.164806, fetch failed, undefined 
2674.376734, fetch failed, undefined 
2674.649896, fetch failed, undefined 
2674.96791, fetch failed, undefined 
2676.072438, fetch failed, undefined 
2676.630187, fetch failed, undefined 
2677.1657219999997, fetch failed, undefined 
2678.1717449999996, fetch failed, undefined 
2678.833427, fetch failed, undefined 
2679.6071420000003, fetch failed, undefined 
2680.865563, fetch failed, undefined 
2681.360857, fetch failed, undefined 
2681.983236, fetch failed, undefined 
2683.334806, fetch failed, undefined 
2684.194736, fetch failed, undefined 
2685.294076, fetch failed, undefined 
2686.604895, fetch failed, undefined 
2686.496666, fetch failed, undefined 
2687.09072, fetch failed, undefined 
2687.004742, fetch failed, undefined 
2688.51095, fetch failed, undefined 
2688.563226, fetch failed, undefined 
2689.703538, fetch failed, undefined 
2689.5495699999997, fetch failed, undefined 
2689.812331, fetch failed, undefined 
2690.1357390000003, fetch failed, undefined 
2691.1499670000003, fetch failed, undefined 
2692.923409, fetch failed, undefined 
2693.775158, fetch failed, undefined 
2694.8218060000004, fetch failed, undefined 
2695.330398, fetch failed, undefined 
2695.966765, fetch failed, undefined 
2696.450259, fetch failed, undefined 
2697.175739, fetch failed, undefined 
2697.2598310000003, fetch failed, undefined 
2699.074877, fetch failed, undefined 
2699.4477180000004, fetch failed, undefined 
2699.6313640000003, fetch failed, undefined 
2700.003041, fetch failed, undefined 
2701.755952, fetch failed, undefined 
2701.959395, fetch failed, undefined 
2702.276222, fetch failed, undefined 
2703.675789, fetch failed, undefined 
2704.0916709999997, fetch failed, undefined 
2705.0948630000003, fetch failed, undefined 
2705.735996, fetch failed, undefined 
2705.651851, fetch failed, undefined 
2706.637135, fetch failed, undefined 
2707.1035500000003, fetch failed, undefined 
2709.225728, fetch failed, undefined 
2708.844628, fetch failed, undefined 
2709.235644, fetch failed, undefined 
2710.272335, fetch failed, undefined 
2711.014026, fetch failed, undefined 
2711.5368200000003, fetch failed, undefined 
2712.265566, fetch failed, undefined 
2714.070984, fetch failed, undefined 
2714.18441, fetch failed, undefined 
2715.34167, fetch failed, undefined 
2716.506441, fetch failed, undefined 
2717.1206740000002, fetch failed, undefined 
2717.6781770000002, fetch failed, undefined 
2719.3913140000004, fetch failed, undefined 
2719.492485, fetch failed, undefined 
2718.089787, fetch failed, undefined 
2718.452901, fetch failed, undefined 
2718.321712, fetch failed, undefined 
2717.979437, fetch failed, undefined 
2718.178124, fetch failed, undefined 
2719.5370519999997, fetch failed, undefined 
2719.83973, fetch failed, undefined 
2720.6054430000004, fetch failed, undefined 
2720.895463, fetch failed, undefined 
2721.062203, fetch failed, undefined 
2721.3618060000003, fetch failed, undefined 
2722.0971839999997, fetch failed, undefined 
2723.725308, fetch failed, undefined 
2724.4443260000003, fetch failed, undefined 
2724.548618, fetch failed, undefined 
2724.765938, fetch failed, undefined 
2725.9632669999996, fetch failed, undefined 
2726.207786, fetch failed, undefined 
2727.243549, fetch failed, undefined 
2728.1802, fetch failed, undefined 
2728.60817, fetch failed, undefined 
2729.685864, fetch failed, undefined 
2730.0560299999997, fetch failed, undefined 
2730.4024170000002, fetch failed, undefined 
2730.8448190000004, fetch failed, undefined 
2733.022972, fetch failed, undefined 
2733.000873, fetch failed, undefined 
2732.6153360000003, fetch failed, undefined 
2733.549127, fetch failed, undefined 
2735.0866349999997, fetch failed, undefined 
2735.684404, fetch failed, undefined 
2735.625969, fetch failed, undefined 
2736.859573, fetch failed, undefined 
2736.050393, fetch failed, undefined 
2738.5408610000004, fetch failed, undefined 
2737.6176309999996, fetch failed, undefined 
2738.7673870000003, fetch failed, undefined 
2738.843372, fetch failed, undefined 
2739.942143, fetch failed, undefined 
2740.498721, fetch failed, undefined 
2741.248874, fetch failed, undefined 
2741.242944, fetch failed, undefined 
2742.9364800000003, fetch failed, undefined 
2742.754962, fetch failed, undefined 
2743.4695279999996, fetch failed, undefined 
2744.947149, fetch failed, undefined 
2743.088975, fetch failed, undefined 
2743.4733610000003, fetch failed, undefined 
2744.100846, fetch failed, undefined 
2744.845034, fetch failed, undefined 
2746.283801, fetch failed, undefined 
2746.755642, fetch failed, undefined 
2747.52519, fetch failed, undefined 
2748.068134, fetch failed, undefined 
2748.620101, fetch failed, undefined 
2749.510305, fetch failed, undefined 
2749.988306, fetch failed, undefined 
2750.457254, fetch failed, undefined 
2751.557625, fetch failed, undefined 
2752.160051, fetch failed, undefined 
2752.748403, fetch failed, undefined 
2754.142107, fetch failed, undefined 
2755.5231360000002, fetch failed, undefined 
2756.236398, fetch failed, undefined 
2756.784532, fetch failed, undefined 
2757.4814539999998, fetch failed, undefined 
2758.226662, fetch failed, undefined 
2758.9681109999997, fetch failed, undefined 
2759.6803400000003, fetch failed, undefined 
2760.253023, fetch failed, undefined 
2760.815869, fetch failed, undefined 
2761.2095360000003, fetch failed, undefined 
2761.424403, fetch failed, undefined 
2762.221098, fetch failed, undefined 
2762.478839, fetch failed, undefined 
2763.749127, fetch failed, undefined 
2763.74341, fetch failed, undefined 
2764.9694919999997, fetch failed, undefined 
2765.30604, fetch failed, undefined 
2765.872801, fetch failed, undefined 
2766.90708, fetch failed, undefined 
2768.2458960000004, fetch failed, undefined 
2768.3089330000003, fetch failed, undefined 
2768.878531, fetch failed, undefined 
2769.6999849999997, fetch failed, undefined 
2770.9136710000002, fetch failed, undefined 
2770.694213, fetch failed, undefined 
2772.255004, fetch failed, undefined 
2772.325066, fetch failed, undefined 
2772.861119, fetch failed, undefined 
2773.0177270000004, fetch failed, undefined 
2774.208359, fetch failed, undefined 
2774.73132, fetch failed, undefined 
2775.901775, fetch failed, undefined 
3108.2425200000002, fetch failed, undefined 
3108.381063, fetch failed, undefined 
3109.8433959999998, fetch failed, undefined 
3109.4359670000003, fetch failed, undefined 
3110.64339, fetch failed, undefined 
3110.868716, fetch failed, undefined 
3111.398087, fetch failed, undefined 
3112.144987, fetch failed, undefined 
3113.192965, fetch failed, undefined 
3113.832296, fetch failed, undefined 
3114.473047, fetch failed, undefined 
3115.240905, fetch failed, undefined 
3115.966306, fetch failed, undefined 
3116.931773, fetch failed, undefined 
3117.37332, fetch failed, undefined 
3117.611985, fetch failed, undefined 
3118.8333939999998, fetch failed, undefined 
3119.5452689999997, fetch failed, undefined 
3120.300562, fetch failed, undefined 
3121.317805, fetch failed, undefined 
3121.843373, fetch failed, undefined 
3122.962872, fetch failed, undefined 
3123.843264, fetch failed, undefined 
3124.50978, fetch failed, undefined 
3125.181342, fetch failed, undefined 
3126.374676, fetch failed, undefined 
3126.584397, fetch failed, undefined 
3127.415704, fetch failed, undefined 
3128.107772, fetch failed, undefined 
3128.667133, fetch failed, undefined 
3129.10855, fetch failed, undefined 
3129.3174369999997, fetch failed, undefined 
3130.199302, fetch failed, undefined 
3130.615839, fetch failed, undefined 
3131.912963, fetch failed, undefined 
3132.300727, fetch failed, undefined 
3132.752305, fetch failed, undefined 
3133.206911, fetch failed, undefined 
3133.1719369999996, fetch failed, undefined 
3134.7540489999997, fetch failed, undefined 
3134.588893, fetch failed, undefined 
3135.885868, fetch failed, undefined 
3136.058397, fetch failed, undefined 
3137.2485850000003, fetch failed, undefined 
3137.59817, fetch failed, undefined 
3138.8999289999997, fetch failed, undefined 
3138.951718, fetch failed, undefined 
3139.600263, fetch failed, undefined 
3140.2819, fetch failed, undefined 
3141.1701989999997, fetch failed, undefined 
3142.2807660000003, fetch failed, undefined 
3142.605552, fetch failed, undefined 
3143.256405, fetch failed, undefined 
3144.305612, fetch failed, undefined 
3144.816757, fetch failed, undefined 
3145.9841109999998, fetch failed, undefined 
3146.5198, fetch failed, undefined 
3146.9025319999996, fetch failed, undefined 
3147.5711459999998, fetch failed, undefined 
3147.636191, fetch failed, undefined 
3148.294689, fetch failed, undefined 
3148.9094210000003, fetch failed, undefined 
3151.03089, fetch failed, undefined 
3150.383152, fetch failed, undefined 
3150.675598, fetch failed, undefined 
3151.309499, fetch failed, undefined 
3151.9896120000003, fetch failed, undefined 
3152.592153, fetch failed, undefined 
3153.653987, fetch failed, undefined 
3154.295107, fetch failed, undefined 
3155.159326, fetch failed, undefined 
3156.9362789999996, fetch failed, undefined 
3157.612066, fetch failed, undefined 
3154.916214, fetch failed, undefined 
3155.373564, fetch failed, undefined 
3160.318397, fetch failed, undefined 
3155.6797770000003, fetch failed, undefined 
3157.474796, fetch failed, undefined 
3157.780591, fetch failed, undefined 
3158.36393, fetch failed, undefined 
3158.837884, fetch failed, undefined 
3159.553194, fetch failed, undefined 
3159.658702, fetch failed, undefined 
3160.96623, fetch failed, undefined 
3160.795949, fetch failed, undefined 
3162.0670010000003, fetch failed, undefined 
3162.353459, fetch failed, undefined 
3163.2862619999996, fetch failed, undefined 
3164.2663190000003, fetch failed, undefined 
3165.331829, fetch failed, undefined 
3165.934603, fetch failed, undefined 
3166.17676, fetch failed, undefined 
3167.6907929999998, fetch failed, undefined 
3167.8361179999997, fetch failed, undefined 
3168.956486, fetch failed, undefined 
3170.353976, fetch failed, undefined 
3171.037485, fetch failed, undefined 
3171.471888, fetch failed, undefined 
3173.115231, fetch failed, undefined 
3173.147214, fetch failed, undefined 
3174.501031, fetch failed, undefined 
3176.736375, fetch failed, undefined 
3177.3400030000003, fetch failed, undefined 
3177.787454, fetch failed, undefined 
3178.9567690000003, fetch failed, undefined 
3178.821031, fetch failed, undefined 
3179.8388950000003, fetch failed, undefined 
3180.2216030000004, fetch failed, undefined 
3180.80215, fetch failed, undefined 
3181.843877, fetch failed, undefined 
3182.148389, fetch failed, undefined 
3183.1410389999996, fetch failed, undefined 
3183.548331, fetch failed, undefined 
3184.308229, fetch failed, undefined 
3185.0617150000003, fetch failed, undefined 
3186.360244, fetch failed, undefined 
3186.787508, fetch failed, undefined 
3188.280107, fetch failed, undefined 
3188.7554990000003, fetch failed, undefined 
3190.251601, fetch failed, undefined 
3190.84668, fetch failed, undefined 
3191.193799, fetch failed, undefined 
3192.2889229999996, fetch failed, undefined 
3192.684186, fetch failed, undefined 
3193.8200030000003, fetch failed, undefined 
3193.874315, fetch failed, undefined 
3195.338214, fetch failed, undefined 
3195.5728560000002, fetch failed, undefined 
3196.119016, fetch failed, undefined 
3196.755478, fetch failed, undefined 
3197.242975, fetch failed, undefined 
3197.1706320000003, fetch failed, undefined 
3199.058716, fetch failed, undefined 
3199.269027, fetch failed, undefined 
3200.573372, fetch failed, undefined 
3201.4876550000004, fetch failed, undefined 
3202.0858599999997, fetch failed, undefined 
3203.7411669999997, fetch failed, undefined 
3204.245153, fetch failed, undefined 
3204.7265460000003, fetch failed, undefined 
3205.266583, fetch failed, undefined 
3206.4929270000002, fetch failed, undefined 
3211.16897, fetch failed, undefined 
3211.984465, fetch failed, undefined 
3212.972225, fetch failed, undefined 
3215.3407249999996, fetch failed, undefined 
3216.6511290000003, fetch failed, undefined 
3214.520386, fetch failed, undefined 
3216.556138, fetch failed, undefined 
3217.0329519999996, fetch failed, undefined 
3217.560656, fetch failed, undefined 
3219.143795, fetch failed, undefined 
3219.9196979999997, fetch failed, undefined 
3220.696058, fetch failed, undefined 
3221.947988, fetch failed, undefined 
3223.6217039999997, fetch failed, undefined 
3225.0244509999998, fetch failed, undefined 
3225.7578919999996, fetch failed, undefined 
3226.5902429999996, fetch failed, undefined 
3227.808713, fetch failed, undefined 
3228.946564, fetch failed, undefined 
3229.926163, fetch failed, undefined 
3230.479713, fetch failed, undefined 
3231.8354099999997, fetch failed, undefined 
3232.5210970000003, fetch failed, undefined 
3234.0542720000003, fetch failed, undefined 
3234.9524709999996, fetch failed, undefined 
3235.743383, fetch failed, undefined 
3236.807097, fetch failed, undefined 
3237.519672, fetch failed, undefined 
3238.592591, fetch failed, undefined 
3239.975117, fetch failed, undefined 
3240.6401260000002, fetch failed, undefined 
3242.099347, fetch failed, undefined 
3242.486495, fetch failed, undefined 
3243.421979, fetch failed, undefined 
3244.142032, fetch failed, undefined 
3245.224092, fetch failed, undefined 
3246.117276, fetch failed, undefined 
3246.902212, fetch failed, undefined 
3247.4379750000003, fetch failed, undefined 
3247.533361, fetch failed, undefined 
3248.6005480000003, fetch failed, undefined 
3249.317569, fetch failed, undefined 
3250.737621, fetch failed, undefined 
3251.47622, fetch failed, undefined 
3251.6388, fetch failed, undefined 
3251.88034, fetch failed, undefined 
3252.936266, fetch failed, undefined 
3253.331381, fetch failed, undefined 
3254.599428, fetch failed, undefined 
3256.1110820000004, fetch failed, undefined 
3256.914164, fetch failed, undefined 
3257.64309, fetch failed, undefined 
3258.796686, fetch failed, undefined 
3258.824752, fetch failed, undefined 
3259.7850059999996, fetch failed, undefined 
3260.0501590000003, fetch failed, undefined 
3260.963518, fetch failed, undefined 
3262.128067, fetch failed, undefined 
3262.5839290000004, fetch failed, undefined 
3264.5036099999998, fetch failed, undefined 
3264.787478, fetch failed, undefined 
3265.372883, fetch failed, undefined 
3266.4335730000003, fetch failed, undefined 
3266.830717, fetch failed, undefined 
3268.372549, fetch failed, undefined 
3268.884591, fetch failed, undefined 
3269.9097739999997, fetch failed, undefined 
3270.4631900000004, fetch failed, undefined 
3270.370196, fetch failed, undefined 
3271.812217, fetch failed, undefined 
3271.1674030000004, fetch failed, undefined 
3271.709953, fetch failed, undefined 
3272.902877, fetch failed, undefined 
3274.065724, fetch failed, undefined 
3274.2622349999997, fetch failed, undefined 
3275.65516, fetch failed, undefined 
3276.429578, fetch failed, undefined 
3277.125911, fetch failed, undefined 
3277.60293, fetch failed, undefined 
3278.6459809999997, fetch failed, undefined 
3279.101172, fetch failed, undefined 
3280.129978, fetch failed, undefined 
3280.178167, fetch failed, undefined 
3281.217159, fetch failed, undefined 
3281.763058, fetch failed, undefined 
3282.32506, fetch failed, undefined 
3282.8111019999997, fetch failed, undefined 
3283.231155, fetch failed, undefined 
3284.1556880000003, fetch failed, undefined 
3284.570309, fetch failed, undefined 
3285.0903319999998, fetch failed, undefined 
3286.002907, fetch failed, undefined 
3286.9538979999998, fetch failed, undefined 
3287.183626, fetch failed, undefined 
3287.657416, fetch failed, undefined 
3288.371019, fetch failed, undefined 
3289.2777140000003, fetch failed, undefined 
3290.0912590000003, fetch failed, undefined 
3291.1736170000004, fetch failed, undefined 
3291.89656, fetch failed, undefined 
3292.4998419999997, fetch failed, undefined 
3293.263593, fetch failed, undefined 
3292.307529, fetch failed, undefined 
3294.83926, fetch failed, undefined 
3293.954962, fetch failed, undefined 
3294.3366250000004, fetch failed, undefined 
3294.8948219999997, fetch failed, undefined 
3295.564484, fetch failed, undefined 
3297.048144, fetch failed, undefined 
3298.106034, fetch failed, undefined 
3299.030543, fetch failed, undefined 
3300.500125, fetch failed, undefined 
3301.489829, fetch failed, undefined 
3302.445417, fetch failed, undefined 
3303.407095, fetch failed, undefined 
3300.274907, fetch failed, undefined 
3301.108238, fetch failed, undefined 
3301.821828, fetch failed, undefined 
3301.935074, fetch failed, undefined 
3303.201616, fetch failed, undefined 
3303.800929, fetch failed, undefined 
3304.2319479999996, fetch failed, undefined 
3305.2502980000004, fetch failed, undefined 
3305.766247, fetch failed, undefined 
3306.491927, fetch failed, undefined 
3307.163999, fetch failed, undefined 
3308.035589, fetch failed, undefined 
3308.833281, fetch failed, undefined 
3309.664884, fetch failed, undefined 
3310.3786489999998, fetch failed, undefined 
3311.910496, fetch failed, undefined 
3312.067742, fetch failed, undefined 
3313.150614, fetch failed, undefined 
3314.226005, fetch failed, undefined 
3314.458635, fetch failed, undefined 
3315.342006, fetch failed, undefined 
3315.6207369999997, fetch failed, undefined 
3316.045376, fetch failed, undefined 
3316.6128660000004, fetch failed, undefined 
3317.36247, fetch failed, undefined 
3317.716291, fetch failed, undefined 
3318.197843, fetch failed, undefined 
3318.6531010000003, fetch failed, undefined 
3319.416925, fetch failed, undefined 
3320.092725, fetch failed, undefined 
3320.687116, fetch failed, undefined 
3322.036385, fetch failed, undefined 
3322.563437, fetch failed, undefined 
3323.233779, fetch failed, undefined 
3323.4207619999997, fetch failed, undefined 
3325.002528, fetch failed, undefined 
3325.460849, fetch failed, undefined 
3326.089981, fetch failed, undefined 
3325.013955, fetch failed, undefined 
3326.823741, fetch failed, undefined 
3326.2277249999997, fetch failed, undefined 
3326.670519, fetch failed, undefined 
3327.735387, fetch failed, undefined 
3328.4179990000002, fetch failed, undefined 
3328.8662160000003, fetch failed, undefined 
3329.9607419999998, fetch failed, undefined 
3330.615022, fetch failed, undefined 
3332.298032, fetch failed, undefined 
3333.4213489999997, fetch failed, undefined 
3333.995594, fetch failed, undefined 
3334.9213839999998, fetch failed, undefined 
3335.3917460000002, fetch failed, undefined 
3336.2643, fetch failed, undefined 
3337.172164, fetch failed, undefined 
3338.0710400000003, fetch failed, undefined 
3338.678971, fetch failed, undefined 
3338.9846700000003, fetch failed, undefined 
3339.842643, fetch failed, undefined 
3340.699579, fetch failed, undefined 
3341.5098319999997, fetch failed, undefined 
3342.033665, fetch failed, undefined 
3343.0307230000003, fetch failed, undefined 
3343.411223, fetch failed, undefined 
3344.447764, fetch failed, undefined 
3344.856742, fetch failed, undefined 
3345.6642829999996, fetch failed, undefined 
3347.268506, fetch failed, undefined 
3347.580676, fetch failed, undefined 
3348.661952, fetch failed, undefined 
3349.2333320000002, fetch failed, undefined 
3350.066924, fetch failed, undefined 
3351.089542, fetch failed, undefined 
3351.547524, fetch failed, undefined 
3352.339495, fetch failed, undefined 
3352.924924, fetch failed, undefined 
3354.165392, fetch failed, undefined 
3355.3800920000003, fetch failed, undefined 
3355.592655, fetch failed, undefined 
3356.5056189999996, fetch failed, undefined 
3357.103874, fetch failed, undefined 
3358.3058730000002, fetch failed, undefined 
3359.295931, fetch failed, undefined 
3359.872011, fetch failed, undefined 
3361.147743, fetch failed, undefined 
3361.307264, fetch failed, undefined 
3362.75022, fetch failed, undefined 
3363.0740339999998, fetch failed, undefined 
3364.524428, fetch failed, undefined 
3365.01414, fetch failed, undefined 
3366.022672, fetch failed, undefined 
3366.677774, fetch failed, undefined 
3367.667065, fetch failed, undefined 
3368.37693, fetch failed, undefined 
3369.004973, fetch failed, undefined 
3369.918791, fetch failed, undefined 
3372.9655049999997, fetch failed, undefined 
3374.6239069999997, fetch failed, undefined 
3377.692087, fetch failed, undefined 
3378.292895, fetch failed, undefined 
3379.011917, fetch failed, undefined 
3379.518932, fetch failed, undefined 
3380.2392370000002, fetch failed, undefined 
3380.91578, fetch failed, undefined 
3382.422296, fetch failed, undefined 
3382.863718, fetch failed, undefined 
3384.071276, fetch failed, undefined 
3384.158555, fetch failed, undefined 
3385.108138, fetch failed, undefined 
3386.8174959999997, fetch failed, undefined 
3386.881116, fetch failed, undefined 
3387.712435, fetch failed, undefined 
3388.9440059999997, fetch failed, undefined 
3388.6765090000004, fetch failed, undefined 
3389.772377, fetch failed, undefined 
3389.991721, fetch failed, undefined 
3391.286356, fetch failed, undefined 
3391.725373, fetch failed, undefined 
3393.78427, fetch failed, undefined 
3394.437274, fetch failed, undefined 
3395.042781, fetch failed, undefined 
3395.670832, fetch failed, undefined 
3396.332928, fetch failed, undefined 
3396.948246, fetch failed, undefined 
3398.486594, fetch failed, undefined 
3399.700427, fetch failed, undefined 
3401.111159, fetch failed, undefined 
3401.655903, fetch failed, undefined 
3403.202093, fetch failed, undefined 
3404.520023, fetch failed, undefined 
3405.377363, fetch failed, undefined 
3407.311896, fetch failed, undefined 
3407.8586590000004, fetch failed, undefined 
3408.624918, fetch failed, undefined 
3409.643275, fetch failed, undefined 
3410.359535, fetch failed, undefined 
3410.805041, fetch failed, undefined 
3412.510714, fetch failed, undefined 
3413.006711, fetch failed, undefined 
3413.388484, fetch failed, undefined 
3414.6283949999997, fetch failed, undefined 
3414.84216, fetch failed, undefined 
3415.849807, fetch failed, undefined 
3416.4254650000003, fetch failed, undefined 
3426.017634, fetch failed, undefined 
3426.550661, fetch failed, undefined 
3427.1058190000003, fetch failed, undefined 
3427.785961, fetch failed, undefined 
3428.9654960000003, fetch failed, undefined 
3429.874595, fetch failed, undefined 
3430.658635, fetch failed, undefined 
3431.9541120000004, fetch failed, undefined 
3431.9671559999997, fetch failed, undefined 
3432.948158, fetch failed, undefined 
3433.125968, fetch failed, undefined 
3434.048392, fetch failed, undefined 
3434.769992, fetch failed, undefined 
3435.282155, fetch failed, undefined 
3435.6463649999996, fetch failed, undefined 
3436.012233, fetch failed, undefined 
3437.365449, fetch failed, undefined 
3437.598143, fetch failed, undefined 
3439.8116800000003, fetch failed, undefined 
3440.016592, fetch failed, undefined 
3440.3325659999996, fetch failed, undefined 
3440.7077879999997, fetch failed, undefined 
3443.2965870000003, fetch failed, undefined 
3442.9895309999997, fetch failed, undefined 
3443.381426, fetch failed, undefined 
3445.0673269999998, fetch failed, undefined 
3444.587826, fetch failed, undefined 
3445.323375, fetch failed, undefined 
3445.706229, fetch failed, undefined 
3446.204659, fetch failed, undefined 
3446.924479, fetch failed, undefined 
3447.83614, fetch failed, undefined 
3448.522814, fetch failed, undefined 
3449.464264, fetch failed, undefined 
3450.340393, fetch failed, undefined 
3450.619903, fetch failed, undefined 
3451.051681, fetch failed, undefined 
3451.469649, fetch failed, undefined 
3452.100186, fetch failed, undefined 
3452.086916, fetch failed, undefined 
3453.275951, fetch failed, undefined 
3453.481498, fetch failed, undefined 
3454.822745, fetch failed, undefined 
3456.009234, fetch failed, undefined 
3456.239079, fetch failed, undefined 
3456.549137, fetch failed, undefined 
3457.64483, fetch failed, undefined 
3458.0958259999998, fetch failed, undefined 
3458.9007760000004, fetch failed, undefined 
3459.922693, fetch failed, undefined 
3460.9417940000003, fetch failed, undefined 
3461.6008100000004, fetch failed, undefined 
3461.9516169999997, fetch failed, undefined 
3462.540191, fetch failed, undefined 
3463.065099, fetch failed, undefined 
3463.550884, fetch failed, undefined 
3463.782517, fetch failed, undefined 
3465.157296, fetch failed, undefined 
3465.5149380000003, fetch failed, undefined 
3466.743063, fetch failed, undefined 
3466.994163, fetch failed, undefined 
3467.933139, fetch failed, undefined 
3468.5209990000003, fetch failed, undefined 
3469.758792, fetch failed, undefined 
3470.383569, fetch failed, undefined 
3471.627198, fetch failed, undefined 
3472.571183, fetch failed, undefined 
3473.577441, fetch failed, undefined 
3474.438063, fetch failed, undefined 
3474.907266, fetch failed, undefined 
3475.534502, fetch failed, undefined 
3475.743388, fetch failed, undefined 
3476.9786080000003, fetch failed, undefined 
3477.290805, fetch failed, undefined 
3478.148713, fetch failed, undefined 
3478.479885, fetch failed, undefined 
3479.69699, fetch failed, undefined 
3480.392042, fetch failed, undefined 
3481.817305, fetch failed, undefined 
3482.03936, fetch failed, undefined 
3482.662679, fetch failed, undefined 
3483.193124, fetch failed, undefined 
3484.406119, fetch failed, undefined 
3485.4168170000003, fetch failed, undefined 
3486.007311, fetch failed, undefined 
3486.317551, fetch failed, undefined 
3487.366349, fetch failed, undefined 
3487.7978009999997, fetch failed, undefined 
3488.403364, fetch failed, undefined 
3489.581784, fetch failed, undefined 
3489.94713, fetch failed, undefined 
3490.978014, fetch failed, undefined 
3491.289425, fetch failed, undefined 
3533.179811, fetch failed, undefined 
3533.8060720000003, fetch failed, undefined 
3538.316992, fetch failed, undefined 
3540.383827, fetch failed, undefined 
3541.9584090000003, fetch failed, undefined 
3543.1157120000003, fetch failed, undefined 
3546.0877299999997, fetch failed, undefined 
3546.6680079999996, fetch failed, undefined 
3543.131094, fetch failed, undefined 
3564.3960779999998, fetch failed, undefined 
3567.175264, fetch failed, undefined 
3569.464189, fetch failed, undefined 
3571.194628, fetch failed, undefined 
3573.3739689999998, fetch failed, undefined 
3575.427895, fetch failed, undefined 
3579.624294, fetch failed, undefined 
3579.922474, fetch failed, undefined 
3580.158661, fetch failed, undefined 
3580.630116, fetch failed, undefined 
3581.367338, fetch failed, undefined 
3582.0092539999996, fetch failed, undefined 
3583.258253, fetch failed, undefined 
3584.496221, fetch failed, undefined 
3585.146281, fetch failed, undefined 
3586.3543760000002, fetch failed, undefined 
3586.608078, fetch failed, undefined 
3588.068926, fetch failed, undefined 
3589.5689169999996, fetch failed, undefined 
3590.802776, fetch failed, undefined 
3591.341658, fetch failed, undefined 
3592.067553, fetch failed, undefined 
3592.611202, fetch failed, undefined 
3592.9967380000003, fetch failed, undefined 
3594.433611, fetch failed, undefined 
3594.762863, fetch failed, undefined 
3595.567161, fetch failed, undefined 
3596.021832, fetch failed, undefined 
3597.2280520000004, fetch failed, undefined 
3597.595675, fetch failed, undefined 
3598.626613, fetch failed, undefined 
3599.2140360000003, fetch failed, undefined 
3599.874974, fetch failed, undefined 
3600.440004, fetch failed, undefined 
3600.488053, fetch failed, undefined 
3601.52569, fetch failed, undefined 
3602.023704, fetch failed, undefined 
3604.264975, fetch failed, undefined 
3604.316248, fetch failed, undefined 
3604.936817, fetch failed, undefined 
3605.322088, fetch failed, undefined 
3606.228125, fetch failed, undefined 
3606.692634, fetch failed, undefined 
3607.1900450000003, fetch failed, undefined 
3607.935548, fetch failed, undefined 
3608.5007530000003, fetch failed, undefined 
3609.285559, fetch failed, undefined 
3609.7403459999996, fetch failed, undefined 
3610.222314, fetch failed, undefined 
3610.771737, fetch failed, undefined 
3611.1716539999998, fetch failed, undefined 
3612.1073720000004, fetch failed, undefined 
3612.8098840000002, fetch failed, undefined 
3613.736348, fetch failed, undefined 
3614.138278, fetch failed, undefined 
3615.051565, fetch failed, undefined 
3615.154149, fetch failed, undefined 
3615.413545, fetch failed, undefined 
3616.437856, fetch failed, undefined 
3616.679547, fetch failed, undefined 
3617.089153, fetch failed, undefined 
3617.556583, fetch failed, undefined 
3617.916578, fetch failed, undefined 
3618.2868519999997, fetch failed, undefined 
3618.644144, fetch failed, undefined 
3619.1292519999997, fetch failed, undefined 
3619.79985, fetch failed, undefined 
3620.8210449999997, fetch failed, undefined 
3620.8837719999997, fetch failed, undefined 
3621.776257, fetch failed, undefined 
3621.748646, fetch failed, undefined 
3622.72435, fetch failed, undefined 
3622.8512189999997, fetch failed, undefined 
3623.343121, fetch failed, undefined 
3625.3689249999998, fetch failed, undefined 
3625.517012, fetch failed, undefined 
3626.319207, fetch failed, undefined 
3640.806697, fetch failed, undefined 
3644.8469210000003, fetch failed, undefined 
3649.9938239999997, fetch failed, undefined 
3652.0245050000003, fetch failed, undefined 
3652.275509, fetch failed, undefined 
3653.252333, fetch failed, undefined 
3653.525521, fetch failed, undefined 
3656.855765, fetch failed, undefined 
3658.201444, fetch failed, undefined 
3659.218325, fetch failed, undefined 
3659.916233, fetch failed, undefined 
3662.591349, fetch failed, undefined 
3663.386505, fetch failed, undefined 
3663.9234109999998, fetch failed, undefined 
3664.0169339999998, fetch failed, undefined 
3665.693271, fetch failed, undefined 
3665.595793, fetch failed, undefined 
3665.922623, fetch failed, undefined 
3666.715897, fetch failed, undefined 
3667.7847699999998, fetch failed, undefined 
3668.1373409999997, fetch failed, undefined 
3669.356753, fetch failed, undefined 
3669.5486250000004, fetch failed, undefined 
3669.913924, fetch failed, undefined 
3671.0136669999997, fetch failed, undefined 
3671.4291200000002, fetch failed, undefined 
3672.2343229999997, fetch failed, undefined 
3672.354519, fetch failed, undefined 
3673.512451, fetch failed, undefined 
3673.290897, fetch failed, undefined 
3674.196828, fetch failed, undefined 
3674.317622, fetch failed, undefined 
3675.268768, fetch failed, undefined 
3676.367713, fetch failed, undefined 
3676.615194, fetch failed, undefined 
3676.655885, fetch failed, undefined 
3677.6123989999996, fetch failed, undefined 
3677.5262199999997, fetch failed, undefined 
3679.145955, fetch failed, undefined 
3679.4231409999998, fetch failed, undefined 
3680.036979, fetch failed, undefined 
3680.59858, fetch failed, undefined 
3681.643791, fetch failed, undefined 
3682.37261, fetch failed, undefined 
3683.010983, fetch failed, undefined 
3683.549576, fetch failed, undefined 
3684.2650289999997, fetch failed, undefined 
3685.0393799999997, fetch failed, undefined 
3685.7045550000003, fetch failed, undefined 
3686.2253010000004, fetch failed, undefined 
3686.486523, fetch failed, undefined 
3687.500902, fetch failed, undefined 
3687.910785, fetch failed, undefined 
3688.9031999999997, fetch failed, undefined 
3689.760167, fetch failed, undefined 
3690.7969639999997, fetch failed, undefined 
3691.39216, fetch failed, undefined 
3691.66293, fetch failed, undefined 
3693.188774, fetch failed, undefined 
3692.7171879999996, fetch failed, undefined 
3693.991157, fetch failed, undefined 
3694.025125, fetch failed, undefined 
3694.191072, fetch failed, undefined 
3704.25496, fetch failed, undefined 
3703.680177, fetch failed, undefined 
3705.11432, fetch failed, undefined 
3705.293953, fetch failed, undefined 
3706.5572869999996, fetch failed, undefined 
3706.802431, fetch failed, undefined 
3707.9193609999998, fetch failed, undefined 
3707.888355, fetch failed, undefined 
3707.6301399999998, fetch failed, undefined 
3699.2766129999995, fetch failed, undefined 
3700.4004999999997, fetch failed, undefined 
3700.1557669999997, fetch failed, undefined 
3701.2869330000003, fetch failed, undefined 
3701.211047, fetch failed, undefined 
3700.464458, fetch failed, undefined 
3701.5348999999997, fetch failed, undefined 
3701.02882, fetch failed, undefined 
3701.4855, fetch failed, undefined 
3702.702003, fetch failed, undefined 
3702.458984, fetch failed, undefined 
3703.6460060000004, fetch failed, undefined 
3703.7194110000005, fetch failed, undefined 
3703.414498, fetch failed, undefined 
3704.658663, fetch failed, undefined 
3704.6694139999995, fetch failed, undefined 
3704.7590560000003, fetch failed, undefined 
3705.771196, fetch failed, undefined 
3705.819926, fetch failed, undefined 
3705.681186, fetch failed, undefined 
3706.0337819999995, fetch failed, undefined 
3707.5423680000004, fetch failed, undefined 
3707.163318, fetch failed, undefined 
3705.7940179999996, fetch failed, undefined 
3707.851247, fetch failed, undefined 
3705.5614779999996, fetch failed, undefined 
3707.161386, fetch failed, undefined 
3701.569853, fetch failed, undefined 
3702.8845269999997, fetch failed, undefined 
3702.906439, fetch failed, undefined 
3703.9369910000005, fetch failed, undefined 
3703.89894, fetch failed, undefined 
3705.199257, fetch failed, undefined 
3705.451819, fetch failed, undefined 
3705.829769, fetch failed, undefined 
3706.192504, fetch failed, undefined 
3707.4302400000006, fetch failed, undefined 
3707.82021, fetch failed, undefined 
3708.527479, fetch failed, undefined 
3709.011079, fetch failed, undefined 
3709.360074, fetch failed, undefined 
3709.4752289999997, fetch failed, undefined 
3710.338541, fetch failed, undefined 
3709.850067, fetch failed, undefined 
3710.055575, fetch failed, undefined 
3712.1149880000003, fetch failed, undefined 
3711.346672, fetch failed, undefined 
3711.7630809999996, fetch failed, undefined 
3711.3927390000003, fetch failed, undefined 
3711.643077, fetch failed, undefined 
3711.9018480000004, fetch failed, undefined 
3712.3127539999996, fetch failed, undefined 
3713.589952, fetch failed, undefined 
3714.020515, fetch failed, undefined 
3714.5349349999997, fetch failed, undefined 
3714.9624769999996, fetch failed, undefined 
3715.393134, fetch failed, undefined 
3715.785112, fetch failed, undefined 
3716.09548, fetch failed, undefined 
3716.4146360000004, fetch failed, undefined 
3717.2925020000002, fetch failed, undefined 
3717.7503250000004, fetch failed, undefined 
3711.4942069999997, fetch failed, undefined 
3710.3563590000003, fetch failed, undefined 
3710.1881310000003, fetch failed, undefined 
3708.9335750000005, fetch failed, undefined 
3704.3977620000005, fetch failed, undefined 
3701.4026259999996, fetch failed, undefined 
3695.3589580000003, fetch failed, undefined 
3695.4424729999996, fetch failed, undefined 
3695.4848660000002, fetch failed, undefined 
3695.3463970000003, fetch failed, undefined 
3695.1507040000006, fetch failed, undefined 
3695.321698, fetch failed, undefined 
3695.2926369999996, fetch failed, undefined 
3695.864009, fetch failed, undefined 
3697.4103290000003, fetch failed, undefined 
3697.4039660000003, fetch failed, undefined 
3697.939183, fetch failed, undefined 
3698.352758, fetch failed, undefined 
3698.641836, fetch failed, undefined 
3698.98192, fetch failed, undefined 
3699.149228, fetch failed, undefined 
3698.595853, fetch failed, undefined 
3699.9351130000005, fetch failed, undefined 
3699.1512680000005, fetch failed, undefined 
3699.174015, fetch failed, undefined 
3699.512395, fetch failed, undefined 
3699.854771, fetch failed, undefined 
3700.186853, fetch failed, undefined 
3700.694051, fetch failed, undefined 
3699.4876760000006, fetch failed, undefined 
3697.949804, fetch failed, undefined 
3698.035697, fetch failed, undefined 
3696.568655, fetch failed, undefined 
3698.7015330000004, fetch failed, undefined 
3697.058704, fetch failed, undefined 
3698.037281, fetch failed, undefined 
3698.57019, fetch failed, undefined 
3698.817309, fetch failed, undefined 
3699.891382, fetch failed, undefined 
3699.7425949999997, fetch failed, undefined 
3700.0638459999996, fetch failed, undefined 
3701.606054, fetch failed, undefined 
3701.083087, fetch failed, undefined 
3701.945904, fetch failed, undefined 
3701.956885, fetch failed, undefined 
3702.290086, fetch failed, undefined 
3702.4979070000004, fetch failed, undefined 
3703.641108, fetch failed, undefined 
3703.871072, fetch failed, undefined 
3704.3036970000003, fetch failed, undefined 
3704.278626, fetch failed, undefined 
3704.7141949999996, fetch failed, undefined 
3704.8700150000004, fetch failed, undefined 
3705.713567, fetch failed, undefined 
3705.935161, fetch failed, undefined 
3705.907378, fetch failed, undefined 
3706.37856, fetch failed, undefined 
3707.7965030000005, fetch failed, undefined 
3707.516004, fetch failed, undefined 
3708.530263, fetch failed, undefined 
3708.468531, fetch failed, undefined 
3709.759484, fetch failed, undefined 
3709.6693490000002, fetch failed, undefined 
3710.0078919999996, fetch failed, undefined 
3709.6050399999995, fetch failed, undefined 
3710.930362, fetch failed, undefined 
3710.017129, fetch failed, undefined 
3710.9821910000005, fetch failed, undefined 
3710.901296, fetch failed, undefined 
3711.1228419999998, fetch failed, undefined 
3711.7356789999994, fetch failed, undefined 
3712.2586670000005, fetch failed, undefined 
3712.463419, fetch failed, undefined 
3713.51305, fetch failed, undefined 
3713.433139, fetch failed, undefined 
3713.8356089999997, fetch failed, undefined 
3714.1132580000003, fetch failed, undefined 
3714.387805, fetch failed, undefined 
3714.6858510000006, fetch failed, undefined 
3715.1831899999997, fetch failed, undefined 
3716.0655160000006, fetch failed, undefined 
3716.2937469999997, fetch failed, undefined 
3717.232634, fetch failed, undefined 
3717.4121190000005, fetch failed, undefined 
3715.280766, fetch failed, undefined 
3713.530753, fetch failed, undefined 
3716.141558, fetch failed, undefined 
3714.482134, fetch failed, undefined 
3714.770749, fetch failed, undefined 
3712.5282669999997, fetch failed, undefined 
3715.7394809999996, fetch failed, undefined 
3712.880252, fetch failed, undefined 
3709.756671, fetch failed, undefined 
3712.7066400000003, fetch failed, undefined 
3710.4411459999997, fetch failed, undefined 
3710.4801370000005, fetch failed, undefined 
3710.5491529999995, fetch failed, undefined 
3710.7397070000006, fetch failed, undefined 
3711.0239089999995, fetch failed, undefined 
3711.2833360000004, fetch failed, undefined 
3712.183471, fetch failed, undefined 
3712.3778420000003, fetch failed, undefined 
3711.9025509999997, fetch failed, undefined 
3711.8747099999996, fetch failed, undefined 
3712.769412, fetch failed, undefined 
3712.750301, fetch failed, undefined 
3713.2321389999997, fetch failed, undefined 
3713.842581, fetch failed, undefined 
3714.5304759999995, fetch failed, undefined 
3715.0230109999998, fetch failed, undefined 
3715.5823630000004, fetch failed, undefined 
3716.072793, fetch failed, undefined 
3716.5136270000003, fetch failed, undefined 
3717.1955590000002, fetch failed, undefined 
3717.611994, fetch failed, undefined 
3718.2479120000003, fetch failed, undefined 
3718.5426249999996, fetch failed, undefined 
3719.272893, fetch failed, undefined 
3720.151375, fetch failed, undefined 
3721.429237, fetch failed, undefined 
3720.916405, fetch failed, undefined 
3722.2523570000003, fetch failed, undefined 
3721.9234880000004, fetch failed, undefined 
3722.861273, fetch failed, undefined 
3723.199944, fetch failed, undefined 
3723.822931, fetch failed, undefined 
3724.423098, fetch failed, undefined 
3724.997896, fetch failed, undefined 
3725.9684599999996, fetch failed, undefined 
3726.2227950000006, fetch failed, undefined 
3727.125752, fetch failed, undefined 
3727.474622, fetch failed, undefined 
3727.485364, fetch failed, undefined 
3728.77458, fetch failed, undefined 
3728.95916, fetch failed, undefined 
3728.6085949999997, fetch failed, undefined 
3728.483623, fetch failed, undefined 
3728.6779899999997, fetch failed, undefined 
3729.213716, fetch failed, undefined 
3729.845434, fetch failed, undefined 
3730.5655300000003, fetch failed, undefined 
3731.0442090000006, fetch failed, undefined 
3732.3846189999995, fetch failed, undefined 
3732.180477, fetch failed, undefined 
3733.0938749999996, fetch failed, undefined 
3733.480562, fetch failed, undefined 
3733.7596379999995, fetch failed, undefined 
3734.813958, fetch failed, undefined 
3744.213579, fetch failed, undefined 
3748.5340049999995, fetch failed, undefined 
3748.988231, fetch failed, undefined 
3752.881754, fetch failed, undefined 
3753.69681, fetch failed, undefined 
3754.0353050000003, fetch failed, undefined 
3754.1999260000002, fetch failed, undefined 
3754.563078, fetch failed, undefined 
3756.506292, fetch failed, undefined 
3760.498523, fetch failed, undefined 
3761.560311, fetch failed, undefined 
3762.571099, fetch failed, undefined 
3763.422632, fetch failed, undefined 
3765.501563, fetch failed, undefined 
3766.9955389999996, fetch failed, undefined 
3768.3966560000003, fetch failed, undefined 
3768.969856, fetch failed, undefined 
3770.9779919999996, fetch failed, undefined 
3772.5225199999995, fetch failed, undefined 
3775.8055199999994, fetch failed, undefined 
3777.286419, fetch failed, undefined 
3782.556214, fetch failed, undefined 
3783.8874830000004, fetch failed, undefined 
3784.233624, fetch failed, undefined 
3784.9437900000003, fetch failed, undefined 
3786.673553, fetch failed, undefined 
3786.8632610000004, fetch failed, undefined 
3788.8216790000006, fetch failed, undefined 
3790.6835039999996, fetch failed, undefined 
3791.6489109999998, fetch failed, undefined 
3793.68826, fetch failed, undefined 
3794.616367, fetch failed, undefined 
3796.1831660000003, fetch failed, undefined 
3796.562599, fetch failed, undefined 
3797.407933, fetch failed, undefined 
3799.081709, fetch failed, undefined 
3799.691808, fetch failed, undefined 
3800.0671370000005, fetch failed, undefined 
3801.65887, fetch failed, undefined 
3803.252948, fetch failed, undefined 
3804.1996190000004, fetch failed, undefined 
3802.4209330000003, fetch failed, undefined 
3803.4375200000004, fetch failed, undefined 
3806.8293540000004, fetch failed, undefined 
3806.9844489999996, fetch failed, undefined 
3809.047987, fetch failed, undefined 
3809.914152, fetch failed, undefined 
3811.6425469999995, fetch failed, undefined 
3812.572587, fetch failed, undefined 
3813.8222610000003, fetch failed, undefined 
3815.2286410000006, fetch failed, undefined 
3815.610052, fetch failed, undefined 
3816.733945, fetch failed, undefined 
3817.7774769999996, fetch failed, undefined 
3818.493226, fetch failed, undefined 
3818.9149770000004, fetch failed, undefined 
3819.9163470000003, fetch failed, undefined 
3820.48206, fetch failed, undefined 
3821.8485269999996, fetch failed, undefined 
3821.689888, fetch failed, undefined 
3822.2452840000005, fetch failed, undefined 
3823.2301260000004, fetch failed, undefined 
3823.1886069999996, fetch failed, undefined 
3824.521105, fetch failed, undefined 
3824.703581, fetch failed, undefined 
3826.162738, fetch failed, undefined 
3826.9788479999997, fetch failed, undefined 
3828.4056489999994, fetch failed, undefined 
3829.1172870000005, fetch failed, undefined 
3831.820809, fetch failed, undefined 
3832.0964320000003, fetch failed, undefined 
3832.5264819999998, fetch failed, undefined 
3833.0838399999993, fetch failed, undefined 
3834.321031, fetch failed, undefined 
3834.832217, fetch failed, undefined 
3835.4440310000005, fetch failed, undefined 
3835.7948289999995, fetch failed, undefined 
3836.7776120000003, fetch failed, undefined 
3837.796608, fetch failed, undefined 
3839.175258, fetch failed, undefined 
3839.8853120000003, fetch failed, undefined 
3841.019507, fetch failed, undefined 
3841.910814, fetch failed, undefined 
3842.660169, fetch failed, undefined 
3843.491195, fetch failed, undefined 
3844.0410970000003, fetch failed, undefined 
3844.674069, fetch failed, undefined 
3844.5961259999995, fetch failed, undefined 
3846.3018159999997, fetch failed, undefined 
3845.3631290000003, fetch failed, undefined 
3846.324849, fetch failed, undefined 
3846.8238820000006, fetch failed, undefined 
3848.0310230000005, fetch failed, undefined 
3847.1917579999995, fetch failed, undefined 
3849.0981100000004, fetch failed, undefined 
3848.2260870000005, fetch failed, undefined 
3849.0793949999997, fetch failed, undefined 
3849.5502370000004, fetch failed, undefined 
3850.858988, fetch failed, undefined 
3852.024722, fetch failed, undefined 
3852.770778, fetch failed, undefined 
3853.455859, fetch failed, undefined 
3853.979364, fetch failed, undefined 
3854.395986, fetch failed, undefined 
3855.1758319999994, fetch failed, undefined 
3855.4837839999996, fetch failed, undefined 
3856.1711370000003, fetch failed, undefined 
3857.7748320000005, fetch failed, undefined 
3857.0437070000003, fetch failed, undefined 
3858.102868, fetch failed, undefined 
3867.4918650000004, fetch failed, undefined 
3867.011655, fetch failed, undefined 
3868.1436930000004, fetch failed, undefined 
3868.169167, fetch failed, undefined 
3868.6625870000003, fetch failed, undefined 
3869.2416109999995, fetch failed, undefined 
3869.5982900000004, fetch failed, undefined 
3870.2072479999997, fetch failed, undefined 
3870.682899, fetch failed, undefined 
3870.792735, fetch failed, undefined 
3871.7724969999995, fetch failed, undefined 
3871.5922770000006, fetch failed, undefined 
3872.1783120000005, fetch failed, undefined 
3872.629809, fetch failed, undefined 
3873.2944540000003, fetch failed, undefined 
3873.873046, fetch failed, undefined 
3874.5801330000004, fetch failed, undefined 
3876.5196410000003, fetch failed, undefined 
3876.286946, fetch failed, undefined 
3877.264152, fetch failed, undefined 
3878.255026, fetch failed, undefined 
3878.7050079999995, fetch failed, undefined 
3879.8120900000004, fetch failed, undefined 
3880.1574500000006, fetch failed, undefined 
3880.707249, fetch failed, undefined 
3882.477526, fetch failed, undefined 
3882.5600189999996, fetch failed, undefined 
3883.045628, fetch failed, undefined 
3883.5293289999995, fetch failed, undefined 
3883.926172, fetch failed, undefined 
3884.379473, fetch failed, undefined 
3885.0172169999996, fetch failed, undefined 
3886.519036, fetch failed, undefined 
3886.592732, fetch failed, undefined 
3887.534197, fetch failed, undefined 
3887.832542, fetch failed, undefined 
3887.8907260000005, fetch failed, undefined 
3888.6480989999995, fetch failed, undefined 
3890.7724400000006, fetch failed, undefined 
3890.5985029999997, fetch failed, undefined 
3891.56405, fetch failed, undefined 
3891.8336929999996, fetch failed, undefined 
3891.9765960000004, fetch failed, undefined 
3892.9606539999995, fetch failed, undefined 
3892.887581, fetch failed, undefined 
3892.9473930000004, fetch failed, undefined 
3893.986482, fetch failed, undefined 
3894.1469559999996, fetch failed, undefined 
3894.7459120000003, fetch failed, undefined 
3895.1059780000005, fetch failed, undefined 
3895.232635, fetch failed, undefined 
3895.126253, fetch failed, undefined 
3896.8554929999996, fetch failed, undefined 
3896.8308309999998, fetch failed, undefined 
3897.4068940000006, fetch failed, undefined 
3898.3974310000003, fetch failed, undefined 
3898.6746859999994, fetch failed, undefined 
3899.227337, fetch failed, undefined 
3899.2566560000005, fetch failed, undefined 
3900.3531230000003, fetch failed, undefined 
3900.4401339999995, fetch failed, undefined 
3900.6727680000004, fetch failed, undefined 
3901.8324430000002, fetch failed, undefined 
3901.7683050000005, fetch failed, undefined 
3902.702091, fetch failed, undefined 
3902.748137, fetch failed, undefined 
3903.963253, fetch failed, undefined 
3903.829178, fetch failed, undefined 
3904.793527, fetch failed, undefined 
3904.738326, fetch failed, undefined 
3904.583957, fetch failed, undefined 
3905.505983, fetch failed, undefined 
3905.3475579999995, fetch failed, undefined 
3906.328182, fetch failed, undefined 
3907.585672, fetch failed, undefined 
3908.529114, fetch failed, undefined 
3909.2444430000005, fetch failed, undefined 
3909.9700989999997, fetch failed, undefined 
3911.659169, fetch failed, undefined 
3911.3050539999995, fetch failed, undefined 
3911.7243130000006, fetch failed, undefined 
3912.9518789999997, fetch failed, undefined 
3913.5188359999997, fetch failed, undefined 
3914.2790979999995, fetch failed, undefined 
3915.0244390000003, fetch failed, undefined 
3915.702509, fetch failed, undefined 
3916.1821469999995, fetch failed, undefined 
3917.264872, fetch failed, undefined 
3917.597121, fetch failed, undefined 
3918.2484969999996, fetch failed, undefined 
3918.934324, fetch failed, undefined 
3919.403381, fetch failed, undefined 
3919.889476, fetch failed, undefined 
3921.585421, fetch failed, undefined 
3923.364225, fetch failed, undefined 
3923.322707, fetch failed, undefined 
3923.669505, fetch failed, undefined 
3925.2301689999995, fetch failed, undefined 
3926.432702, fetch failed, undefined 
3927.7375239999997, fetch failed, undefined 
3929.5466469999997, fetch failed, undefined 
3929.591439, fetch failed, undefined 
3930.8243899999998, fetch failed, undefined 
3931.0629630000003, fetch failed, undefined 
3931.551445, fetch failed, undefined 
3934.6953630000003, fetch failed, undefined 
3935.7079619999995, fetch failed, undefined 
3936.263018, fetch failed, undefined 
3939.4489140000005, fetch failed, undefined 
3939.6832270000004, fetch failed, undefined 
3939.855755, fetch failed, undefined 
3940.917023, fetch failed, undefined 
3941.073924, fetch failed, undefined 
3942.3625879999995, fetch failed, undefined 
3944.391434, fetch failed, undefined 
3944.4818800000003, fetch failed, undefined 
3944.675926, fetch failed, undefined 
3946.1536330000004, fetch failed, undefined 
3947.1888540000004, fetch failed, undefined 
3948.5378849999997, fetch failed, undefined 
3948.8168880000003, fetch failed, undefined 
3949.9286770000003, fetch failed, undefined 
3949.937331, fetch failed, undefined 
3950.745969, fetch failed, undefined 
3951.6498469999997, fetch failed, undefined 
3952.7555919999995, fetch failed, undefined 
3953.0857469999996, fetch failed, undefined 
3953.965236, fetch failed, undefined 
3953.9477409999995, fetch failed, undefined 
3954.2992689999996, fetch failed, undefined 
3955.408616, fetch failed, undefined 
3956.9738570000004, fetch failed, undefined 
3958.715085, fetch failed, undefined 
3959.3600500000002, fetch failed, undefined 
3961.2050649999996, fetch failed, undefined 
3962.870129, fetch failed, undefined 
3963.7502259999997, fetch failed, undefined 
3964.666406, fetch failed, undefined 
3966.503308, fetch failed, undefined 
3995.077547, fetch failed, undefined 
4091.125588, fetch failed, undefined 
4091.9886239999996, fetch failed, undefined 
4092.810926, fetch failed, undefined 
4093.262979, fetch failed, undefined 
4094.112742, fetch failed, undefined 
4094.203211, fetch failed, undefined 
4095.456071, fetch failed, undefined 
4096.622486, fetch failed, undefined 
4097.172749, fetch failed, undefined 
4099.1566459999995, fetch failed, undefined 
4099.226939, fetch failed, undefined 
4099.7136439999995, fetch failed, undefined 
4100.867284, fetch failed, undefined 
4101.270845, fetch failed, undefined 
4102.246824, fetch failed, undefined 
4102.188137, fetch failed, undefined 
4101.705873000001, fetch failed, undefined 
4103.208063, fetch failed, undefined 
4103.043687, fetch failed, undefined 
4103.768615, fetch failed, undefined 
4104.8408979999995, fetch failed, undefined 
4106.730769, fetch failed, undefined 
4107.092764999999, fetch failed, undefined 
4107.188955, fetch failed, undefined 
4108.518022, fetch failed, undefined 
4108.812939, fetch failed, undefined 
4109.306265, fetch failed, undefined 
4110.111674, fetch failed, undefined 
4110.795805, fetch failed, undefined 
4111.025493, fetch failed, undefined 
4112.215289, fetch failed, undefined 
4112.52753, fetch failed, undefined 
4113.148913, fetch failed, undefined 
4114.441482, fetch failed, undefined 
4115.725671, fetch failed, undefined 
4116.25449, fetch failed, undefined 
4116.999462, fetch failed, undefined 
4118.585643, fetch failed, undefined 
4119.881982, fetch failed, undefined 
4119.78071, fetch failed, undefined 
4119.723891000001, fetch failed, undefined 
4120.587453, fetch failed, undefined 
4120.312116, fetch failed, undefined 
4121.077969, fetch failed, undefined 
4121.408937, fetch failed, undefined 
4122.33136, fetch failed, undefined 
4122.3764980000005, fetch failed, undefined 
4123.470560000001, fetch failed, undefined 
4123.1231259999995, fetch failed, undefined 
4124.206724, fetch failed, undefined 
4125.741229, fetch failed, undefined 
4126.690763, fetch failed, undefined 
4127.170942000001, fetch failed, undefined 
4128.03121, fetch failed, undefined 
4128.534011, fetch failed, undefined 
4129.893022, fetch failed, undefined 
4130.1334320000005, fetch failed, undefined 
4131.048279000001, fetch failed, undefined 
4131.075070000001, fetch failed, undefined 
4131.422804, fetch failed, undefined 
4131.931059, fetch failed, undefined 
4132.008615000001, fetch failed, undefined 
4133.186153, fetch failed, undefined 
4132.9779149999995, fetch failed, undefined 
4133.826131, fetch failed, undefined 
4133.882619, fetch failed, undefined 
4134.191247, fetch failed, undefined 
4134.2803300000005, fetch failed, undefined 
4135.147389, fetch failed, undefined 
4135.312067, fetch failed, undefined 
4137.026242, fetch failed, undefined 
4137.282234, fetch failed, undefined 
4137.640556, fetch failed, undefined 
4138.728792, fetch failed, undefined 
4139.230327, fetch failed, undefined 
4140.289333, fetch failed, undefined 
4208.428462, fetch failed, undefined 
4211.817478999999, fetch failed, undefined 
4212.386520999999, fetch failed, undefined 
4217.980594, fetch failed, undefined 
4220.2998019999995, fetch failed, undefined 
4221.054572999999, fetch failed, undefined 
4221.648369, fetch failed, undefined 
4225.568227, fetch failed, undefined 
4226.25318, fetch failed, undefined 
4227.67912, fetch failed, undefined 
4228.550953, fetch failed, undefined 
4229.863636, fetch failed, undefined 
4232.584067, fetch failed, undefined 
4232.588611, fetch failed, undefined 
4234.449909999999, fetch failed, undefined 
4235.051772, fetch failed, undefined 
4237.782284000001, fetch failed, undefined 
4238.324021, fetch failed, undefined 
4238.655006, fetch failed, undefined 
4239.861503, fetch failed, undefined 
4240.591768, fetch failed, undefined 
4241.440292, fetch failed, undefined 
4242.752638, fetch failed, undefined 
4243.284685, fetch failed, undefined 
4244.223929, fetch failed, undefined 
4244.98604, fetch failed, undefined 
4246.715364, fetch failed, undefined 
4246.878863, fetch failed, undefined 
4251.278112, fetch failed, undefined 
4253.632781, fetch failed, undefined 
4255.153674, fetch failed, undefined 
4262.0270439999995, fetch failed, undefined 
4262.853639, fetch failed, undefined 
4263.258977, fetch failed, undefined 
4264.325957999999, fetch failed, undefined 
4269.381228, fetch failed, undefined 
4271.394663, fetch failed, undefined 
4272.454454, fetch failed, undefined 
4275.759756, fetch failed, undefined 
4276.564872999999, fetch failed, undefined 
4277.54529, fetch failed, undefined 
4278.003283, fetch failed, undefined 
4279.184802, fetch failed, undefined 
4280.015305, fetch failed, undefined 
4281.0981, fetch failed, undefined 
4281.21278, fetch failed, undefined 
4282.636787, fetch failed, undefined 
4283.05397, fetch failed, undefined 
4284.093299, fetch failed, undefined 
4285.438908, fetch failed, undefined 
4286.258605, fetch failed, undefined 
4287.585400999999, fetch failed, undefined 
4288.5261740000005, fetch failed, undefined 
4290.310613, fetch failed, undefined 
4289.705432, fetch failed, undefined 
4290.164497, fetch failed, undefined 
4290.890474, fetch failed, undefined 
4291.4814989999995, fetch failed, undefined 
4290.382111, fetch failed, undefined 
4291.520117, fetch failed, undefined 
4292.27314, fetch failed, undefined 
4293.226670999999, fetch failed, undefined 
4294.920079, fetch failed, undefined 
4295.642215, fetch failed, undefined 
4296.327176999999, fetch failed, undefined 
4297.551074999999, fetch failed, undefined 
4298.432255, fetch failed, undefined 
4299.489104, fetch failed, undefined 
4299.942005000001, fetch failed, undefined 
4300.581732000001, fetch failed, undefined 
4313.068358, fetch failed, undefined 
4314.248175, fetch failed, undefined 
4313.004108, fetch failed, undefined 
4313.145176, fetch failed, undefined 
4312.749755, fetch failed, undefined 
4314.29917, fetch failed, undefined 
4314.656524, fetch failed, undefined 
4316.273927, fetch failed, undefined 
4316.772226, fetch failed, undefined 
4317.576015999999, fetch failed, undefined 
4319.029966, fetch failed, undefined 
4320.281899, fetch failed, undefined 
4321.118143000001, fetch failed, undefined 
4322.387794, fetch failed, undefined 
4323.305894, fetch failed, undefined 
4324.274723, fetch failed, undefined 
4325.695284, fetch failed, undefined 
4326.092666, fetch failed, undefined 
4326.2158230000005, fetch failed, undefined 
4327.814226, fetch failed, undefined 
4328.477054, fetch failed, undefined 
4329.551364000001, fetch failed, undefined 
4330.098953000001, fetch failed, undefined 
4331.2375600000005, fetch failed, undefined 
4331.957428, fetch failed, undefined 
4332.549975, fetch failed, undefined 
4333.082791, fetch failed, undefined 
4334.499253, fetch failed, undefined 
4335.638387, fetch failed, undefined 
4336.8211, fetch failed, undefined 
4337.608138, fetch failed, undefined 
4338.806925000001, fetch failed, undefined 
4339.561529, fetch failed, undefined 
4340.0528810000005, fetch failed, undefined 
4341.427886, fetch failed, undefined 
4341.939186, fetch failed, undefined 
4342.470866000001, fetch failed, undefined 
4343.745066, fetch failed, undefined 
4344.035527, fetch failed, undefined 
4344.715582000001, fetch failed, undefined 
4345.786371, fetch failed, undefined 
4346.42037, fetch failed, undefined 
4347.894356, fetch failed, undefined 
4347.979297, fetch failed, undefined 
4349.653782, fetch failed, undefined 
4349.754413000001, fetch failed, undefined 
4350.559592, fetch failed, undefined 
4351.394853, fetch failed, undefined 
4352.093885, fetch failed, undefined 
4352.565554000001, fetch failed, undefined 
4353.605702999999, fetch failed, undefined 
4353.783334, fetch failed, undefined 
4355.122262, fetch failed, undefined 
4355.700575, fetch failed, undefined 
4356.736226999999, fetch failed, undefined 
4355.542974, fetch failed, undefined 
4356.920618, fetch failed, undefined 
4357.480871, fetch failed, undefined 
4359.259937000001, fetch failed, undefined 
4360.4875440000005, fetch failed, undefined 
4361.432202, fetch failed, undefined 
4361.800348, fetch failed, undefined 
4362.466856999999, fetch failed, undefined 
4363.078593, fetch failed, undefined 
4364.3752700000005, fetch failed, undefined 
4364.3476519999995, fetch failed, undefined 
4366.173886, fetch failed, undefined 
4366.366811, fetch failed, undefined 
4367.239372999999, fetch failed, undefined 
4368.371709, fetch failed, undefined 
4369.390897, fetch failed, undefined 
4369.832382, fetch failed, undefined 
4370.268437, fetch failed, undefined 
4371.802262, fetch failed, undefined 
4372.396233, fetch failed, undefined 
4374.100683000001, fetch failed, undefined 
4374.734736, fetch failed, undefined 
4376.61478, fetch failed, undefined 
4377.442389, fetch failed, undefined 
4377.890230999999, fetch failed, undefined 
4379.108601, fetch failed, undefined 
4379.639129, fetch failed, undefined 
4380.861541, fetch failed, undefined 
4381.411725999999, fetch failed, undefined 
4382.080311, fetch failed, undefined 
4382.7774469999995, fetch failed, undefined 
4383.391554, fetch failed, undefined 
4384.822244999999, fetch failed, undefined 
4387.128597999999, fetch failed, undefined 
4386.5285189999995, fetch failed, undefined 
4386.304398, fetch failed, undefined 
4387.215195, fetch failed, undefined 
4386.311952, fetch failed, undefined 
4385.878532, fetch failed, undefined 
4386.292551, fetch failed, undefined 
4385.660145, fetch failed, undefined 
4385.978252, fetch failed, undefined 
4385.484695, fetch failed, undefined 
4384.994712, fetch failed, undefined 
4384.813914, fetch failed, undefined 
4384.656241999999, fetch failed, undefined 
4384.609195, fetch failed, undefined 
4372.849159, fetch failed, undefined 
4372.877137, fetch failed, undefined 
4373.437753, fetch failed, undefined 
4373.472702, fetch failed, undefined 
4373.408833, fetch failed, undefined 
4372.908240999999, fetch failed, undefined 
4373.455437, fetch failed, undefined 
4372.804992, fetch failed, undefined 
4372.664339, fetch failed, undefined 
4372.557874, fetch failed, undefined 
4372.4463479999995, fetch failed, undefined 
4372.253323, fetch failed, undefined 
4372.063405999999, fetch failed, undefined 
4371.673429, fetch failed, undefined 
4371.559513, fetch failed, undefined 
4372.136997, fetch failed, undefined 
4371.557643, fetch failed, undefined 
4371.069107, fetch failed, undefined 
4371.412311, fetch failed, undefined 
4371.0795880000005, fetch failed, undefined 
4370.385078, fetch failed, undefined 
4370.975643, fetch failed, undefined 
4369.767749000001, fetch failed, undefined 
4370.216643, fetch failed, undefined 
4369.728406, fetch failed, undefined 
4369.625293, fetch failed, undefined 
4369.516915, fetch failed, undefined 
4369.425302000001, fetch failed, undefined 
4369.235181999999, fetch failed, undefined 
4369.313079, fetch failed, undefined 
4369.189569, fetch failed, undefined 
4369.0458180000005, fetch failed, undefined 
4368.946382, fetch failed, undefined 
4368.591203999999, fetch failed, undefined 
4368.979869, fetch failed, undefined 
4368.303433, fetch failed, undefined 
4368.748143000001, fetch failed, undefined 
4368.283359, fetch failed, undefined 
4368.294433, fetch failed, undefined 
4368.017396, fetch failed, undefined 
4368.361192, fetch failed, undefined 
4368.228706000001, fetch failed, undefined 
4367.929299, fetch failed, undefined 
4368.304383, fetch failed, undefined 
4368.018146, fetch failed, undefined 
4367.689118, fetch failed, undefined 
4368.007530000001, fetch failed, undefined 
4367.357293, fetch failed, undefined 
4367.835136000001, fetch failed, undefined 
4367.341361, fetch failed, undefined 
4367.0649109999995, fetch failed, undefined 
4366.9508080000005, fetch failed, undefined 
4366.480569, fetch failed, undefined 
4367.035887, fetch failed, undefined 
4366.5425190000005, fetch failed, undefined 
4366.446992, fetch failed, undefined 
4366.3648920000005, fetch failed, undefined 
4366.280347, fetch failed, undefined 
4365.961038, fetch failed, undefined 
4365.835348, fetch failed, undefined 
4365.689941, fetch failed, undefined 
4365.527703, fetch failed, undefined 
4365.978031, fetch failed, undefined 
4365.529678, fetch failed, undefined 
4365.865466, fetch failed, undefined 
4365.5993849999995, fetch failed, undefined 
4365.498692, fetch failed, undefined 
4365.266898, fetch failed, undefined 
4365.664557, fetch failed, undefined 
4365.391871, fetch failed, undefined 
4365.286529, fetch failed, undefined 
4365.164611, fetch failed, undefined 
4365.051944999999, fetch failed, undefined 
4364.955524, fetch failed, undefined 
4364.861744999999, fetch failed, undefined 
4364.764604, fetch failed, undefined 
4364.686544, fetch failed, undefined 
4364.482024999999, fetch failed, undefined 
4364.391593, fetch failed, undefined 
4364.995274000001, fetch failed, undefined 
4364.919470999999, fetch failed, undefined 
4364.95778, fetch failed, undefined 
4364.92709, fetch failed, undefined 
4364.835999, fetch failed, undefined 
4364.602396, fetch failed, undefined 
4364.598505, fetch failed, undefined 
4364.2586440000005, fetch failed, undefined 
4364.650383, fetch failed, undefined 
4364.020162000001, fetch failed, undefined 
4362.995379, fetch failed, undefined 
4362.625897, fetch failed, undefined 
4362.460083, fetch failed, undefined 
4362.310496, fetch failed, undefined 
4362.138915, fetch failed, undefined 
4362.024050999999, fetch failed, undefined 
4361.791524, fetch failed, undefined 
4361.440337, fetch failed, undefined 
4361.770839999999, fetch failed, undefined 
4361.46137, fetch failed, undefined 
4361.161591, fetch failed, undefined 
4360.866634999999, fetch failed, undefined 
4360.717469, fetch failed, undefined 
4360.405587, fetch failed, undefined 
4360.184987000001, fetch failed, undefined 
4360.091995, fetch failed, undefined 
4360.002229000001, fetch failed, undefined 
4360.037656, fetch failed, undefined 
4359.726124, fetch failed, undefined 
4360.070077, fetch failed, undefined 
4359.857811999999, fetch failed, undefined 
4359.455470999999, fetch failed, undefined 
4359.896791, fetch failed, undefined 
4359.701216, fetch failed, undefined 
4359.563781999999, fetch failed, undefined 
4359.436793000001, fetch failed, undefined 
4358.8429639999995, fetch failed, undefined 
4359.223449, fetch failed, undefined 
4358.847862, fetch failed, undefined 
4358.460016000001, fetch failed, undefined 
4358.154688, fetch failed, undefined 
4357.9937279999995, fetch failed, undefined 
4356.883643, fetch failed, undefined 
4356.358333, fetch failed, undefined 
4356.390205, fetch failed, undefined 
4356.2057509999995, fetch failed, undefined 
4355.962014, fetch failed, undefined 
4355.448794, fetch failed, undefined 
4355.283554, fetch failed, undefined 
4355.130730999999, fetch failed, undefined 
4354.832456, fetch failed, undefined 
4355.158766, fetch failed, undefined 
4354.812636000001, fetch failed, undefined 
4354.005142, fetch failed, undefined 
4354.904352, fetch failed, undefined 
4353.793075, fetch failed, undefined 
4353.230909, fetch failed, undefined 
4353.699011000001, fetch failed, undefined 
4353.225128, fetch failed, undefined 
4352.407619, fetch failed, undefined 
4353.0338169999995, fetch failed, undefined 
4352.064847000001, fetch failed, undefined 
4352.432802, fetch failed, undefined 
4352.061173, fetch failed, undefined 
4351.804658, fetch failed, undefined 
4351.6775290000005, fetch failed, undefined 
4351.356322, fetch failed, undefined 
4351.687914, fetch failed, undefined 
4351.354968, fetch failed, undefined 
4351.249429, fetch failed, undefined 
4351.341316, fetch failed, undefined 
4351.08933, fetch failed, undefined 
4351.441499, fetch failed, undefined 
4351.1223469999995, fetch failed, undefined 
4351.027685000001, fetch failed, undefined 
4350.696491, fetch failed, undefined 
4351.137509, fetch failed, undefined 
4350.8029289999995, fetch failed, undefined 
4350.337433999999, fetch failed, undefined 
4350.724506, fetch failed, undefined 
4350.311789, fetch failed, undefined 
4349.699542, fetch failed, undefined 
4350.1556359999995, fetch failed, undefined 
4349.571844, fetch failed, undefined 
4349.311355000001, fetch failed, undefined 
4349.134129, fetch failed, undefined 
4349.015395, fetch failed, undefined 
4348.813329, fetch failed, undefined 
4348.659178, fetch failed, undefined 
4348.105198, fetch failed, undefined 
4348.515825, fetch failed, undefined 
4335.425653, fetch failed, undefined 
4348.389569999999, fetch failed, undefined 
4335.686275999999, fetch failed, undefined 
4335.660631, fetch failed, undefined 
4335.607954, fetch failed, undefined 
4335.513613, fetch failed, undefined 
4335.490364, fetch failed, undefined 
4335.4490909999995, fetch failed, undefined 
4335.3214259999995, fetch failed, undefined 
4335.613569, fetch failed, undefined 
4335.055124, fetch failed, undefined 
4334.949862, fetch failed, undefined 
4335.5853179999995, fetch failed, undefined 
4334.996209999999, fetch failed, undefined 
4334.939842, fetch failed, undefined 
4334.872158, fetch failed, undefined 
4334.81603, fetch failed, undefined 
4334.946408, fetch failed, undefined 
4334.806814, fetch failed, undefined 
4333.919064, fetch failed, undefined 
4334.33406, fetch failed, undefined 
4333.976297, fetch failed, undefined 
4333.924856, fetch failed, undefined 
4333.856215000001, fetch failed, undefined 
4333.813569, fetch failed, undefined 
4333.754742, fetch failed, undefined 
4333.5338759999995, fetch failed, undefined 
4333.823591, fetch failed, undefined 
4333.395105, fetch failed, undefined 
4333.671694000001, fetch failed, undefined 
4333.448939, fetch failed, undefined 
4333.403249, fetch failed, undefined 
4333.348233, fetch failed, undefined 
4333.314993, fetch failed, undefined 
4333.0992479999995, fetch failed, undefined 
4333.374832, fetch failed, undefined 
4332.871006, fetch failed, undefined 
4333.228523, fetch failed, undefined 
4332.674198, fetch failed, undefined 
4332.98056, fetch failed, undefined 
4332.7249759999995, fetch failed, undefined 
4331.175445999999, fetch failed, undefined 
4329.727692, fetch failed, undefined 
4332.885931, fetch failed, undefined 
4328.845192, fetch failed, undefined 
4328.485678, fetch failed, undefined 
4329.427461, fetch failed, undefined 
4328.351583000001, fetch failed, undefined 
4327.758809, fetch failed, undefined 
4327.194367, fetch failed, undefined 
4326.7646859999995, fetch failed, undefined 
4326.071287, fetch failed, undefined 
4324.780296000001, fetch failed, undefined 
4322.785657, fetch failed, undefined 
4321.256276, fetch failed, undefined 
4323.785963, fetch failed, undefined 
4320.840157, fetch failed, undefined 
4319.807011, fetch failed, undefined 
4320.551699, fetch failed, undefined 
4315.699973, fetch failed, undefined 
4319.289933, fetch failed, undefined 
4313.714677, fetch failed, undefined 
4312.5528620000005, fetch failed, undefined 
4313.26285, fetch failed, undefined 
4312.634661, fetch failed, undefined 
4312.433021, fetch failed, undefined 
4311.673124, fetch failed, undefined 
4312.235283, fetch failed, undefined 
4311.599038, fetch failed, undefined 
4311.329166, fetch failed, undefined 
4310.302498, fetch failed, undefined 
4311.20183, fetch failed, undefined 
4310.176864, fetch failed, undefined 
4309.889377, fetch failed, undefined 
4309.598855, fetch failed, undefined 
4309.272884, fetch failed, undefined 
4308.909774, fetch failed, undefined 
4307.95997, fetch failed, undefined 
4308.6709169999995, fetch failed, undefined 
4307.913881, fetch failed, undefined 
4307.256228, fetch failed, undefined 
4307.66936, fetch failed, undefined 
4306.987617999999, fetch failed, undefined 
4306.809730999999, fetch failed, undefined 
4306.153768, fetch failed, undefined 
4306.620523, fetch failed, undefined 
4306.025455999999, fetch failed, undefined 
4305.7602320000005, fetch failed, undefined 
4304.130286, fetch failed, undefined 
4303.304725, fetch failed, undefined 
4302.596968, fetch failed, undefined 
4303.043987, fetch failed, undefined 
4302.430292999999, fetch failed, undefined 
4302.266667999999, fetch failed, undefined 
4302.122099, fetch failed, undefined 
4301.420712, fetch failed, undefined 
4301.914166, fetch failed, undefined 
4301.287368, fetch failed, undefined 
4301.06889, fetch failed, undefined 
4300.273773, fetch failed, undefined 
4300.9102490000005, fetch failed, undefined 
4299.804782, fetch failed, undefined 
4298.471921, fetch failed, undefined 
4299.521594000001, fetch failed, undefined 
4297.503611, fetch failed, undefined 
4297.009794, fetch failed, undefined 
4296.637151999999, fetch failed, undefined 
4295.9310780000005, fetch failed, undefined 
4296.4822619999995, fetch failed, undefined 
4294.205974, fetch failed, undefined 
4295.101261000001, fetch failed, undefined 
4294.008603, fetch failed, undefined 
4293.474711, fetch failed, undefined 
4292.9952619999995, fetch failed, undefined 
4292.355369000001, fetch failed, undefined 
4292.895337, fetch failed, undefined 
4292.254051, fetch failed, undefined 
4292.021293, fetch failed, undefined 
4291.171593, fetch failed, undefined 
4288.530314, fetch failed, undefined 
4287.145184, fetch failed, undefined 
4288.152145, fetch failed, undefined 
4286.542278, fetch failed, undefined 
4282.278037, fetch failed, undefined 
4284.638353, fetch failed, undefined 
4277.434198999999, fetch failed, undefined 
4280.419263, fetch failed, undefined 
4272.857679, fetch failed, undefined 
4270.068293, fetch failed, undefined 
4268.579534, fetch failed, undefined 
4267.468017, fetch failed, undefined 
4266.82777, fetch failed, undefined 
4263.933622, fetch failed, undefined 
4262.4343420000005, fetch failed, undefined 
4261.580776, fetch failed, undefined 
4259.2223030000005, fetch failed, undefined 
4256.930872999999, fetch failed, undefined 
4254.729123, fetch failed, undefined 
4255.903336, fetch failed, undefined 
4253.05832, fetch failed, undefined 
4251.522706000001, fetch failed, undefined 
4250.641464, fetch failed, undefined 
4254.042912999999, fetch failed, undefined 
4248.319627999999, fetch failed, undefined 
4247.674951, fetch failed, undefined 
4247.186694, fetch failed, undefined 
4246.685369000001, fetch failed, undefined 
4246.108894, fetch failed, undefined 
4241.492838, fetch failed, undefined 
4245.370462, fetch failed, undefined 
4240.689862, fetch failed, undefined 
4238.097495999999, fetch failed, undefined 
4239.956524, fetch failed, undefined 
4230.994185, fetch failed, undefined 
4233.3328409999995, fetch failed, undefined 
4226.908324, fetch failed, undefined 
4220.335668, fetch failed, undefined 
4221.980535, fetch failed, undefined 
4220.195530000001, fetch failed, undefined 
4218.133469, fetch failed, undefined 
4217.833673, fetch failed, undefined 
4217.465525, fetch failed, undefined 
4217.112233, fetch failed, undefined 
4216.863191, fetch failed, undefined 
4216.59757, fetch failed, undefined 
4216.921896, fetch failed, undefined 
4216.681285, fetch failed, undefined 
4216.616886000001, fetch failed, undefined 
4216.556394, fetch failed, undefined 
4211.550243, fetch failed, undefined 
4211.343051, fetch failed, undefined 
4209.874337, fetch failed, undefined 
4209.472562, fetch failed, undefined 
4208.8983, fetch failed, undefined 
4210.482215, fetch failed, undefined 
4208.452613, fetch failed, undefined 
4208.200448, fetch failed, undefined 
4209.1802, fetch failed, undefined 
4208.2173219999995, fetch failed, undefined 
4207.798998, fetch failed, undefined 
4207.628032, fetch failed, undefined 
4208.378552, fetch failed, undefined 
4202.696013, fetch failed, undefined 
4203.4906599999995, fetch failed, undefined 
4202.567421, fetch failed, undefined 
4202.939754, fetch failed, undefined 
4202.653156, fetch failed, undefined 
4202.651105, fetch failed, undefined 
4202.594996, fetch failed, undefined 
4202.592889, fetch failed, undefined 
4202.583915, fetch failed, undefined 
4202.160913000001, fetch failed, undefined 
4201.728688, fetch failed, undefined 
4202.052957000001, fetch failed, undefined 
4201.770031999999, fetch failed, undefined 
4198.716686, fetch failed, undefined 
4198.6103109999995, fetch failed, undefined 
4197.667131, fetch failed, undefined 
4198.306388000001, fetch failed, undefined 
4196.630319999999, fetch failed, undefined 
4196.3774220000005, fetch failed, undefined 
4197.681775, fetch failed, undefined 
4196.389979, fetch failed, undefined 
4165.9872909999995, fetch failed, undefined 
4141.96413, fetch failed, undefined 
4163.833821, fetch failed, undefined 
4141.716923, fetch failed, undefined 
4133.918937, fetch failed, undefined 
4131.259908, fetch failed, undefined 
4132.467615, fetch failed, undefined 
4131.300978, fetch failed, undefined 
4130.931197, fetch failed, undefined 
4125.814074, fetch failed, undefined 
4125.711849, fetch failed, undefined 
4124.6800459999995, fetch failed, undefined 
4121.667619999999, fetch failed, undefined 
4121.125994, fetch failed, undefined 
4120.154117, fetch failed, undefined 
4119.135855, fetch failed, undefined 
4118.980729000001, fetch failed, undefined 
4118.907375000001, fetch failed, undefined 
4118.663825, fetch failed, undefined 
4118.961969, fetch failed, undefined 
4118.606749, fetch failed, undefined 
4118.519598999999, fetch failed, undefined 
4118.353751000001, fetch failed, undefined 
4118.238668, fetch failed, undefined 
4117.943582999999, fetch failed, undefined 
4117.858112999999, fetch failed, undefined 
4117.794592, fetch failed, undefined 
4118.4961490000005, fetch failed, undefined 
4117.362016, fetch failed, undefined 
4118.016175999999, fetch failed, undefined 
4117.383825, fetch failed, undefined 
4116.125934, fetch failed, undefined 
4115.931076, fetch failed, undefined 
4115.728057, fetch failed, undefined 
4117.162894, fetch failed, undefined 
4115.7182760000005, fetch failed, undefined 
4116.0706470000005, fetch failed, undefined 
4115.826513, fetch failed, undefined 
4115.767476, fetch failed, undefined 
4115.561183, fetch failed, undefined 
4115.838128, fetch failed, undefined 
4115.26021, fetch failed, undefined 
4115.714211, fetch failed, undefined 
4114.398005, fetch failed, undefined 
4114.878124000001, fetch failed, undefined 
4114.2074489999995, fetch failed, undefined 
4114.125307, fetch failed, undefined 
4114.0534450000005, fetch failed, undefined 
4114.731978, fetch failed, undefined 
4113.900652, fetch failed, undefined 
4114.176433, fetch failed, undefined 
4113.943941, fetch failed, undefined 
4113.059612, fetch failed, undefined 
4113.589881, fetch failed, undefined 
4113.0413069999995, fetch failed, undefined 
4112.581439, fetch failed, undefined 
4110.89321, fetch failed, undefined 
4110.540807, fetch failed, undefined 
4110.231503, fetch failed, undefined 
4110.512214, fetch failed, undefined 
4110.135539, fetch failed, undefined 
4110.507675000001, fetch failed, undefined 
4109.797199, fetch failed, undefined 
4110.305048, fetch failed, undefined 
4109.837492000001, fetch failed, undefined 
4109.756526, fetch failed, undefined 
4109.296163, fetch failed, undefined 
4109.654764, fetch failed, undefined 
4109.314841, fetch failed, undefined 
4109.1809809999995, fetch failed, undefined 
4109.106519, fetch failed, undefined 
4108.646279, fetch failed, undefined 
4108.548872, fetch failed, undefined 
4109.148601000001, fetch failed, undefined 
4108.57545, fetch failed, undefined 
4108.5215579999995, fetch failed, undefined 
4108.084003, fetch failed, undefined 
4107.936788000001, fetch failed, undefined 
4108.6682390000005, fetch failed, undefined 
4107.905632999999, fetch failed, undefined 
4107.524724, fetch failed, undefined 
4107.400251999999, fetch failed, undefined 
4108.0277829999995, fetch failed, undefined 
4107.024312, fetch failed, undefined 
4106.8818630000005, fetch failed, undefined 
4106.663303, fetch failed, undefined 
4106.478550999999, fetch failed, undefined 
4106.071954, fetch failed, undefined 
4106.464024, fetch failed, undefined 
4105.982388, fetch failed, undefined 
4105.716098, fetch failed, undefined 
4106.002189, fetch failed, undefined 
4105.749481, fetch failed, undefined 
4105.683687, fetch failed, undefined 
4105.630305, fetch failed, undefined 
4105.566449, fetch failed, undefined 
4105.473966, fetch failed, undefined 
4105.338319, fetch failed, undefined 
4105.060608, fetch failed, undefined 
4104.868963, fetch failed, undefined 
4104.355482, fetch failed, undefined 
4104.153284, fetch failed, undefined 
4104.005645, fetch failed, undefined 
4103.761614, fetch failed, undefined 
4104.070406000001, fetch failed, undefined 
4103.476211, fetch failed, undefined 
4102.592978, fetch failed, undefined 
4101.88349, fetch failed, undefined 
4104.166943, fetch failed, undefined 
4101.788261000001, fetch failed, undefined 
4101.5650940000005, fetch failed, undefined 
4101.187158, fetch failed, undefined 
4101.510233999999, fetch failed, undefined 
4101.22516, fetch failed, undefined 
4101.295809, fetch failed, undefined 
4101.278219, fetch failed, undefined 
4100.9702879999995, fetch failed, undefined 
4101.358241, fetch failed, undefined 
4101.096489, fetch failed, undefined 
4101.005956, fetch failed, undefined 
4100.956338999999, fetch failed, undefined 
4100.891186, fetch failed, undefined 
4100.826588, fetch failed, undefined 
4100.769107, fetch failed, undefined 
4100.654259999999, fetch failed, undefined 
4100.388508, fetch failed, undefined 
4100.318808, fetch failed, undefined 
4100.086219000001, fetch failed, undefined 
4100.407953, fetch failed, undefined 
4100.029189, fetch failed, undefined 
4099.971038000001, fetch failed, undefined 
4099.922106, fetch failed, undefined 
4100.530327, fetch failed, undefined 
4099.813477, fetch failed, undefined 
4100.090980999999, fetch failed, undefined 
4099.874014, fetch failed, undefined 
4099.816098, fetch failed, undefined 
4099.7700190000005, fetch failed, undefined 
4099.549406, fetch failed, undefined 
4099.8376929999995, fetch failed, undefined 
4099.456768, fetch failed, undefined 
4099.278019, fetch failed, undefined 
4097.724056999999, fetch failed, undefined 
4097.29961, fetch failed, undefined 
4098.903472, fetch failed, undefined 
4097.247547999999, fetch failed, undefined 
4097.155026, fetch failed, undefined 
4097.058583, fetch failed, undefined 
4096.732478, fetch failed, undefined 
4097.044669999999, fetch failed, undefined 
4096.263439, fetch failed, undefined 
4095.9169889999994, fetch failed, undefined 
4096.236501, fetch failed, undefined 
4095.949704, fetch failed, undefined 
4096.01454, fetch failed, undefined 
4095.819634, fetch failed, undefined 
4096.1120900000005, fetch failed, undefined 
4095.88702, fetch failed, undefined 
4095.325826, fetch failed, undefined 
4095.8462849999996, fetch failed, undefined 
4095.315847, fetch failed, undefined 
4095.046407, fetch failed, undefined 
4094.9882680000005, fetch failed, undefined 
4094.929947, fetch failed, undefined 
4094.8132100000003, fetch failed, undefined 
4094.7497169999997, fetch failed, undefined 
4095.80076, fetch failed, undefined 
4094.801771, fetch failed, undefined 
4093.6029389999994, fetch failed, undefined 
4093.076192, fetch failed, undefined 
4092.864127, fetch failed, undefined 
4092.792941, fetch failed, undefined 
4092.553938, fetch failed, undefined 
4092.832595, fetch failed, undefined 
4092.447329, fetch failed, undefined 
4092.715494, fetch failed, undefined 
4092.373301, fetch failed, undefined 
4092.641171, fetch failed, undefined 
4092.433337, fetch failed, undefined 
4092.3783869999997, fetch failed, undefined 
4092.3394040000003, fetch failed, undefined 
4092.295035, fetch failed, undefined 
4092.243852, fetch failed, undefined 
4092.1984460000003, fetch failed, undefined 
4092.1491830000004, fetch failed, undefined 
4092.1197359999996, fetch failed, undefined 
4092.0729610000003, fetch failed, undefined 
4092.030159, fetch failed, undefined 
4091.8613939999996, fetch failed, undefined 
4091.638431, fetch failed, undefined 
4091.3084659999995, fetch failed, undefined 
4091.0573970000005, fetch failed, undefined 
4091.7402829999996, fetch failed, undefined 
4090.902063, fetch failed, undefined 
4091.1933879999997, fetch failed, undefined 
4090.750516, fetch failed, undefined 
4090.694745, fetch failed, undefined 
4090.639795, fetch failed, undefined 
4091.263364, fetch failed, undefined 
4090.6458210000005, fetch failed, undefined 
4090.575621, fetch failed, undefined 
4090.409881, fetch failed, undefined 
4090.1928049999997, fetch failed, undefined 
4089.360262, fetch failed, undefined 
4090.1812229999996, fetch failed, undefined 
4088.6243470000004, fetch failed, undefined 
4088.533042, fetch failed, undefined 
4089.112503, fetch failed, undefined 
4088.561522, fetch failed, undefined 
4088.4899050000004, fetch failed, undefined 
4088.4127980000003, fetch failed, undefined 
4088.3361830000003, fetch failed, undefined 
4088.2318109999997, fetch failed, undefined 
4088.144862, fetch failed, undefined 
4088.077609, fetch failed, undefined 
4088.0230549999997, fetch failed, undefined 
4087.555298, fetch failed, undefined 
4087.886347, fetch failed, undefined 
4087.533786, fetch failed, undefined 
4087.4571640000004, fetch failed, undefined 
4087.399942, fetch failed, undefined 
4087.314878, fetch failed, undefined 
4087.2004319999996, fetch failed, undefined 
4087.112944, fetch failed, undefined 
4086.7040269999998, fetch failed, undefined 
4087.1357049999997, fetch failed, undefined 
4086.7128430000002, fetch failed, undefined 
4086.349421, fetch failed, undefined 
4086.7302939999995, fetch failed, undefined 
4086.1442869999996, fetch failed, undefined 
4086.461682, fetch failed, undefined 
4086.0109519999996, fetch failed, undefined 
4086.2898780000005, fetch failed, undefined 
4085.824014, fetch failed, undefined 
4086.1584940000002, fetch failed, undefined 
4084.690944, fetch failed, undefined 
4085.79795, fetch failed, undefined 
4084.102882, fetch failed, undefined 
4084.4598239999996, fetch failed, undefined 
4083.6874449999996, fetch failed, undefined 
4084.047686, fetch failed, undefined 
4083.7110780000003, fetch failed, undefined 
4083.6299899999995, fetch failed, undefined 
4083.5470130000003, fetch failed, undefined 
4083.4761249999997, fetch failed, undefined 
4083.357336, fetch failed, undefined 
4083.284742, fetch failed, undefined 
4083.02474, fetch failed, undefined 
4083.3555739999997, fetch failed, undefined 
4083.211991, fetch failed, undefined 
4083.2059449999997, fetch failed, undefined 
4083.1723680000005, fetch failed, undefined 
4083.1282109999997, fetch failed, undefined 
4083.064798, fetch failed, undefined 
4082.9322349999993, fetch failed, undefined 
4082.718319, fetch failed, undefined 
4082.4597400000002, fetch failed, undefined 
4082.734745, fetch failed, undefined 
4082.487726, fetch failed, undefined 
4082.096833, fetch failed, undefined 
4082.5281079999995, fetch failed, undefined 
4081.670005, fetch failed, undefined 
4082.0145890000003, fetch failed, undefined 
4081.36614, fetch failed, undefined 
4080.111736, fetch failed, undefined 
4081.161241, fetch failed, undefined 
4079.629084, fetch failed, undefined 
4080.083243, fetch failed, undefined 
4079.3634850000003, fetch failed, undefined 
4079.6892119999998, fetch failed, undefined 
4079.409143, fetch failed, undefined 
4079.1586430000007, fetch failed, undefined 
4079.452658, fetch failed, undefined 
4079.013943, fetch failed, undefined 
4079.332982, fetch failed, undefined 
4078.840827, fetch failed, undefined 
4078.7057720000003, fetch failed, undefined 
4078.3625389999997, fetch failed, undefined 
4078.6725930000002, fetch failed, undefined 
4078.3792169999997, fetch failed, undefined 
4078.330322, fetch failed, undefined 
4078.2276140000004, fetch failed, undefined 
4077.8142989999997, fetch failed, undefined 
4078.2195130000005, fetch failed, undefined 
4077.8132579999997, fetch failed, undefined 
4077.7157050000005, fetch failed, undefined 
4077.6186959999995, fetch failed, undefined 
4077.529197, fetch failed, undefined 
4077.4441260000003, fetch failed, undefined 
4077.381119, fetch failed, undefined 
4076.8980949999996, fetch failed, undefined 
4077.5021430000006, fetch failed, undefined 
4076.442438, fetch failed, undefined 
4076.337218, fetch failed, undefined 
4075.9159500000005, fetch failed, undefined 
4077.0649699999994, fetch failed, undefined 
4074.970579, fetch failed, undefined 
4074.7890489999995, fetch failed, undefined 
4075.556489, fetch failed, undefined 
4074.7599189999996, fetch failed, undefined 
4074.672982, fetch failed, undefined 
4074.599131, fetch failed, undefined 
4074.5267250000006, fetch failed, undefined 
4074.466288, fetch failed, undefined 
4074.1069720000005, fetch failed, undefined 
4074.5032380000002, fetch failed, undefined 
4074.134645, fetch failed, undefined 
4073.8752029999996, fetch failed, undefined 
4074.175115, fetch failed, undefined 
4073.8811560000004, fetch failed, undefined 
4073.6488440000003, fetch failed, undefined 
4073.923466, fetch failed, undefined 
4073.6206169999996, fetch failed, undefined 
4073.588727, fetch failed, undefined 
4074.1212589999996, fetch failed, undefined 
4074.550555, fetch failed, undefined 
4074.8790579999995, fetch failed, undefined 
4074.683067, fetch failed, undefined 
4074.5736699999998, fetch failed, undefined 
4074.513017, fetch failed, undefined 
4074.283074, fetch failed, undefined 
4074.565696, fetch failed, undefined 
4074.3410320000003, fetch failed, undefined 
4074.286043, fetch failed, undefined 
4074.236996, fetch failed, undefined 
4074.4081129999995, fetch failed, undefined 
4073.882383, fetch failed, undefined 
4073.687549, fetch failed, undefined 
4074.405458, fetch failed, undefined 
4073.2719960000004, fetch failed, undefined 
4072.6959429999997, fetch failed, undefined 
4072.584817, fetch failed, undefined 
4073.556137, fetch failed, undefined 
4072.592712, fetch failed, undefined 
4073.051988, fetch failed, undefined 
4072.935748, fetch failed, undefined 
4073.3322929999995, fetch failed, undefined 
4072.9137389999996, fetch failed, undefined 
4073.354226, fetch failed, undefined 
4073.095389, fetch failed, undefined 
4072.905176, fetch failed, undefined 
4072.565385, fetch failed, undefined 
4072.8704909999997, fetch failed, undefined 
4072.219718, fetch failed, undefined 
4072.109864, fetch failed, undefined 
4072.7893409999997, fetch failed, undefined 
4071.9354319999998, fetch failed, undefined 
4071.851947, fetch failed, undefined 
4072.3206500000006, fetch failed, undefined 
4071.865479, fetch failed, undefined 
4071.6428069999997, fetch failed, undefined 
4071.514129, fetch failed, undefined 
4071.146495, fetch failed, undefined 
4070.815092, fetch failed, undefined 
4070.7093360000003, fetch failed, undefined 
4070.4874549999995, fetch failed, undefined 
4070.334831, fetch failed, undefined 
4069.770871, fetch failed, undefined 
4070.2974560000002, fetch failed, undefined 
4069.765794, fetch failed, undefined 
4069.6099419999996, fetch failed, undefined 
4069.123452, fetch failed, undefined 
4069.5846679999995, fetch failed, undefined 
4068.5546839999997, fetch failed, undefined 
4069.203594, fetch failed, undefined 
4068.1590209999995, fetch failed, undefined 
4068.589705, fetch failed, undefined 
4067.9389660000006, fetch failed, undefined 
4067.6390380000003, fetch failed, undefined 
4067.9352000000003, fetch failed, undefined 
4067.6604310000002, fetch failed, undefined 
4067.38472, fetch failed, undefined 
4067.6615719999995, fetch failed, undefined 
4067.2616350000008, fetch failed, undefined 
4067.5381700000007, fetch failed, undefined 
4057.446349, fetch failed, undefined 
4057.818927, fetch failed, undefined 
4057.439779, fetch failed, undefined 
4057.047503, fetch failed, undefined 
4056.950304, fetch failed, undefined 
4056.627203, fetch failed, undefined 
4056.9924509999996, fetch failed, undefined 
4054.919051, fetch failed, undefined 
4055.4061149999998, fetch failed, undefined 
4055.0859859999996, fetch failed, undefined 
4055.0083649999997, fetch failed, undefined 
4054.7740510000003, fetch failed, undefined 
4054.7179290000004, fetch failed, undefined 
4054.54501, fetch failed, undefined 
4055.391059, fetch failed, undefined 
4054.59912, fetch failed, undefined 
4054.3725040000004, fetch failed, undefined 
4054.751827, fetch failed, undefined 
4054.3355279999996, fetch failed, undefined 
4054.682895, fetch failed, undefined 
4054.13918, fetch failed, undefined 
4054.4689609999996, fetch failed, undefined 
4053.9746219999997, fetch failed, undefined 
4054.2656779999998, fetch failed, undefined 
4054.029906, fetch failed, undefined 
4053.9589979999996, fetch failed, undefined 
4053.8338830000002, fetch failed, undefined 
4053.7422800000004, fetch failed, undefined 
4053.511233, fetch failed, undefined 
4053.780328, fetch failed, undefined 
4053.563488, fetch failed, undefined 
4053.366236, fetch failed, undefined 
4053.623297, fetch failed, undefined 
4053.237394, fetch failed, undefined 
4053.1774750000004, fetch failed, undefined 
4053.618634, fetch failed, undefined 
4053.074356, fetch failed, undefined 
4052.8519710000005, fetch failed, undefined 
4053.4424659999995, fetch failed, undefined 
4052.5783130000004, fetch failed, undefined 
4052.867974, fetch failed, undefined 
4052.1563159999996, fetch failed, undefined 
4052.537004, fetch failed, undefined 
4051.8817180000005, fetch failed, undefined 
4050.3008360000003, fetch failed, undefined 
4051.8490399999996, fetch failed, undefined 
4050.1850809999996, fetch failed, undefined 
4049.8310579999998, fetch failed, undefined 
4049.2056550000007, fetch failed, undefined 
4049.648763, fetch failed, undefined 
4049.057403, fetch failed, undefined 
4048.8025799999996, fetch failed, undefined 
4048.4639159999997, fetch failed, undefined 
4048.7721530000003, fetch failed, undefined 
4048.2587440000007, fetch failed, undefined 
4048.585438, fetch failed, undefined 
4048.11006, fetch failed, undefined 
4048.3894410000003, fetch failed, undefined 
4048.0092059999997, fetch failed, undefined 
4047.8283969999998, fetch failed, undefined 
4047.7263839999996, fetch failed, undefined 
4046.8079060000005, fetch failed, undefined 
4047.721231, fetch failed, undefined 
4046.387148, fetch failed, undefined 
4045.9891439999997, fetch failed, undefined 
4046.3728469999996, fetch failed, undefined 
4045.961974, fetch failed, undefined 
4045.856373, fetch failed, undefined 
4045.294584, fetch failed, undefined 
4045.637196, fetch failed, undefined 
4045.0651610000004, fetch failed, undefined 
4045.3543229999996, fetch failed, undefined 
4045.0708600000007, fetch failed, undefined 
4044.850102, fetch failed, undefined 
4044.2887440000004, fetch failed, undefined 
4043.9955339999997, fetch failed, undefined 
4044.913024, fetch failed, undefined 
4043.9334740000004, fetch failed, undefined 
4043.6219499999997, fetch failed, undefined 
4043.5095039999997, fetch failed, undefined 
4044.0225500000006, fetch failed, undefined 
4043.2744250000005, fetch failed, undefined 
4043.570844, fetch failed, undefined 
4043.311831, fetch failed, undefined 
4042.9462009999997, fetch failed, undefined 
4043.276581, fetch failed, undefined 
4042.8175570000003, fetch failed, undefined 
4042.5600299999996, fetch failed, undefined 
4042.832101, fetch failed, undefined 
4042.5892969999995, fetch failed, undefined 
4042.528219, fetch failed, undefined 
4042.2544390000003, fetch failed, undefined 
4042.1180730000005, fetch failed, undefined 
4041.612021, fetch failed, undefined 
4042.07517, fetch failed, undefined 
4041.604622, fetch failed, undefined 
4041.4959879999997, fetch failed, undefined 
4041.4175479999994, fetch failed, undefined 
4041.184051, fetch failed, undefined 
4041.4626789999998, fetch failed, undefined 
4040.883893, fetch failed, undefined 
4041.2860330000003, fetch failed, undefined 
4040.8879420000003, fetch failed, undefined 
4040.555808, fetch failed, undefined 
4040.878621, fetch failed, undefined 
4040.579938, fetch failed, undefined 
4040.347754, fetch failed, undefined 
4040.614246, fetch failed, undefined 
4040.3751580000003, fetch failed, undefined 
4040.1037349999997, fetch failed, undefined 
4039.935703, fetch failed, undefined 
4039.676292, fetch failed, undefined 
4039.964406, fetch failed, undefined 
4039.6049760000005, fetch failed, undefined 
4039.4670539999997, fetch failed, undefined 
4039.3812719999996, fetch failed, undefined 
4039.1187250000003, fetch failed, undefined 
4039.405407, fetch failed, undefined 
4039.0324149999997, fetch failed, undefined 
4039.3556529999996, fetch failed, undefined 
4039.100517, fetch failed, undefined 
4039.055195, fetch failed, undefined 
4038.935601, fetch failed, undefined 
4038.777655, fetch failed, undefined 
4038.7220570000004, fetch failed, undefined 
4038.65481, fetch failed, undefined 
4038.5075509999997, fetch failed, undefined 
4038.215698, fetch failed, undefined 
4038.515079, fetch failed, undefined 
4037.719403, fetch failed, undefined 
4038.1915080000003, fetch failed, undefined 
4037.5230309999997, fetch failed, undefined 
4037.8201849999996, fetch failed, undefined 
4037.257972, fetch failed, undefined 
4037.589652, fetch failed, undefined 
4036.900555, fetch failed, undefined 
4036.520973, fetch failed, undefined 
4036.046539, fetch failed, undefined 
4036.499302, fetch failed, undefined 
4035.881255, fetch failed, undefined 
4035.4563120000003, fetch failed, undefined 
4035.8369380000004, fetch failed, undefined 
4035.539724, fetch failed, undefined 
4035.5229630000003, fetch failed, undefined 
4035.2884790000003, fetch failed, undefined 
4035.2277430000004, fetch failed, undefined 
4035.682803, fetch failed, undefined 
4035.1182289999997, fetch failed, undefined 
4035.3793270000006, fetch failed, undefined 
4035.1591499999995, fetch failed, undefined 
4035.2129189999996, fetch failed, undefined 
4035.1741439999996, fetch failed, undefined 
4035.080514, fetch failed, undefined 
4035.0246309999998, fetch failed, undefined 
4034.9733769999993, fetch failed, undefined 
4034.874573, fetch failed, undefined 
4034.8261979999997, fetch failed, undefined 
4034.783964, fetch failed, undefined 
4034.7275769999997, fetch failed, undefined 
4034.8067, fetch failed, undefined 
4033.294035, fetch failed, undefined 
4034.8866399999997, fetch failed, undefined 
4033.073177, fetch failed, undefined 
4032.9534470000003, fetch failed, undefined 
4032.82667, fetch failed, undefined 
4032.4185380000004, fetch failed, undefined 
4032.938889, fetch failed, undefined 
4032.6655360000004, fetch failed, undefined 
4032.605934, fetch failed, undefined 
4032.3602469999996, fetch failed, undefined 
4032.645305, fetch failed, undefined 
4032.4058210000003, fetch failed, undefined 
4032.331192, fetch failed, undefined 
4032.2638359999996, fetch failed, undefined 
4032.023299, fetch failed, undefined 
4032.2971749999997, fetch failed, undefined 
4031.8931019999995, fetch failed, undefined 
4032.163866, fetch failed, undefined 
4038.886067, fetch failed, undefined 
4038.7661409999996, fetch failed, undefined 
4039.055023, fetch failed, undefined 
4038.728584, fetch failed, undefined 
4038.6295800000003, fetch failed, undefined 
4038.572832, fetch failed, undefined 
4038.42719, fetch failed, undefined 
4038.3383510000003, fetch failed, undefined 
4038.2753529999995, fetch failed, undefined 
4038.215209, fetch failed, undefined 
4038.0983109999997, fetch failed, undefined 
4038.037211, fetch failed, undefined 
4037.8047439999996, fetch failed, undefined 
4038.1577910000005, fetch failed, undefined 
4037.94721, fetch failed, undefined 
4037.888543, fetch failed, undefined 
4037.842714, fetch failed, undefined 
4037.628973, fetch failed, undefined 
4037.892273, fetch failed, undefined 
4037.6959439999996, fetch failed, undefined 
4037.639338, fetch failed, undefined 
4037.5869729999995, fetch failed, undefined 
4037.3255209999998, fetch failed, undefined 
4037.205561, fetch failed, undefined 
4037.920448, fetch failed, undefined 
4036.4461149999997, fetch failed, undefined 
4035.9686010000005, fetch failed, undefined 
4035.384046, fetch failed, undefined 
4035.774025, fetch failed, undefined 
4034.7611190000002, fetch failed, undefined 
4035.461128, fetch failed, undefined 
4034.0221920000004, fetch failed, undefined 
4034.3231879999994, fetch failed, undefined 
4033.9205460000003, fetch failed, undefined 
4033.6059909999994, fetch failed, undefined 
4033.89362, fetch failed, undefined 
4200.93344, fetch failed, undefined 
4201.251233, fetch failed, undefined 
4201.037768, fetch failed, undefined 
4197.265777, fetch failed, undefined 
4196.762611, fetch failed, undefined 
4196.536281000001, fetch failed, undefined 
4195.9298929999995, fetch failed, undefined 
4195.783627, fetch failed, undefined 
4196.632541, fetch failed, undefined 
4195.767848, fetch failed, undefined 
4195.38215, fetch failed, undefined 
4195.68768, fetch failed, undefined 
4195.404923, fetch failed, undefined 
4195.134079, fetch failed, undefined 
4195.441075, fetch failed, undefined 
4194.938401, fetch failed, undefined 
4194.831428, fetch failed, undefined 
4194.751811, fetch failed, undefined 
4194.458939, fetch failed, undefined 
4193.98426, fetch failed, undefined 
4193.494248, fetch failed, undefined 
4193.357771000001, fetch failed, undefined 
4193.298353, fetch failed, undefined 
4193.311068, fetch failed, undefined 
4192.5947479999995, fetch failed, undefined 
4193.175261, fetch failed, undefined 
4191.671747, fetch failed, undefined 
4191.290355, fetch failed, undefined 
4190.721285, fetch failed, undefined 
4191.205659, fetch failed, undefined 
4190.716033, fetch failed, undefined 
4190.161787999999, fetch failed, undefined 
4189.762686, fetch failed, undefined 
4189.62486, fetch failed, undefined 
4189.507387, fetch failed, undefined 
4189.295406, fetch failed, undefined 
4189.140905, fetch failed, undefined 
4188.334073999999, fetch failed, undefined 
4188.962649, fetch failed, undefined 
4186.748662999999, fetch failed, undefined 
4188.498711, fetch failed, undefined 
4185.388994999999, fetch failed, undefined 
4185.828498000001, fetch failed, undefined 
4184.7662869999995, fetch failed, undefined 
4184.396316, fetch failed, undefined 
4184.108496999999, fetch failed, undefined 
4183.793388, fetch failed, undefined 
4184.107971, fetch failed, undefined 
4183.666993999999, fetch failed, undefined 
4184.077200000001, fetch failed, undefined 
4183.86943, fetch failed, undefined 
4183.816528, fetch failed, undefined 
4183.76202, fetch failed, undefined 
4183.627705, fetch failed, undefined 
4183.327706, fetch failed, undefined 
4183.618476, fetch failed, undefined 
4183.16546, fetch failed, undefined 
4183.098051, fetch failed, undefined 
4183.556165, fetch failed, undefined 
4183.140095, fetch failed, undefined 
4182.913852, fetch failed, undefined 
4183.203793, fetch failed, undefined 
4182.876344, fetch failed, undefined 
4182.779087999999, fetch failed, undefined 
4182.447053, fetch failed, undefined 
4182.196948999999, fetch failed, undefined 
4182.57277, fetch failed, undefined 
4168.965278, fetch failed, undefined 
4182.4227519999995, fetch failed, undefined 
4168.782794, fetch failed, undefined 
4169.090987, fetch failed, undefined 
4168.82164, fetch failed, undefined 
4168.75786, fetch failed, undefined 
4168.682682, fetch failed, undefined 
4168.6046479999995, fetch failed, undefined 
4168.544795, fetch failed, undefined 
4168.472635, fetch failed, undefined 
4168.391703, fetch failed, undefined 
4168.151614, fetch failed, undefined 
4168.442758, fetch failed, undefined 
4168.034156, fetch failed, undefined 
4168.459165, fetch failed, undefined 
4168.140944999999, fetch failed, undefined 
4168.028695, fetch failed, undefined 
4167.284992999999, fetch failed, undefined 
4166.938098, fetch failed, undefined 
4167.238795, fetch failed, undefined 
4166.754006, fetch failed, undefined 
4166.578131, fetch failed, undefined 
4166.306331, fetch failed, undefined 
4165.9794679999995, fetch failed, undefined 
4166.3883559999995, fetch failed, undefined 
4166.1139729999995, fetch failed, undefined 
4166.030466, fetch failed, undefined 
4165.775952, fetch failed, undefined 
4166.065357, fetch failed, undefined 
4165.585494999999, fetch failed, undefined 
4165.32009, fetch failed, undefined 
4165.611323, fetch failed, undefined 
4165.170415, fetch failed, undefined 
4165.456975, fetch failed, undefined 
4165.205592, fetch failed, undefined 
4165.130594, fetch failed, undefined 
4165.062180999999, fetch failed, undefined 
4164.998874000001, fetch failed, undefined 
4164.731167, fetch failed, undefined 
4164.422545, fetch failed, undefined 
4164.716558, fetch failed, undefined 
4164.433652000001, fetch failed, undefined 
4163.992026, fetch failed, undefined 
4164.329485, fetch failed, undefined 
4163.986659, fetch failed, undefined 
4163.892374, fetch failed, undefined 
4163.34432, fetch failed, undefined 
4163.645878, fetch failed, undefined 
4163.357233, fetch failed, undefined 
4163.274513, fetch failed, undefined 
4162.990416999999, fetch failed, undefined 
4158.071053, fetch failed, undefined 
4158.442107, fetch failed, undefined 
4158.018153, fetch failed, undefined 
4157.816778, fetch failed, undefined 
4157.516534, fetch failed, undefined 
4157.800508, fetch failed, undefined 
4157.536114, fetch failed, undefined 
4157.459648, fetch failed, undefined 
4157.3907, fetch failed, undefined 
4157.317983, fetch failed, undefined 
4156.68085, fetch failed, undefined 
4156.546215, fetch failed, undefined 
4156.41672, fetch failed, undefined 
4156.221204, fetch failed, undefined 
4154.386435, fetch failed, undefined 
4152.8034800000005, fetch failed, undefined 
4154.010992, fetch failed, undefined 
4152.579161, fetch failed, undefined 
4152.453236, fetch failed, undefined 
4152.030557, fetch failed, undefined 
4152.550496, fetch failed, undefined 
4151.796185, fetch failed, undefined 
4151.685659999999, fetch failed, undefined 
4151.480806, fetch failed, undefined 
4151.369535999999, fetch failed, undefined 
4151.288492, fetch failed, undefined 
4150.782916, fetch failed, undefined 
4150.500364, fetch failed, undefined 
4150.398247, fetch failed, undefined 
4150.2938030000005, fetch failed, undefined 
4150.091971, fetch failed, undefined 
4149.695811, fetch failed, undefined 
4150.056867, fetch failed, undefined 
4149.677909, fetch failed, undefined 
4148.049298, fetch failed, undefined 
4147.608939, fetch failed, undefined 
4147.311331, fetch failed, undefined 
4146.220252, fetch failed, undefined 
4146.629162, fetch failed, undefined 
4146.109995, fetch failed, undefined 
4146.000079, fetch failed, undefined 
4145.891388, fetch failed, undefined 
4145.625081, fetch failed, undefined 
4145.915983, fetch failed, undefined 
4145.475585, fetch failed, undefined 
4145.754507, fetch failed, undefined 
4145.499006, fetch failed, undefined 
4145.171474, fetch failed, undefined 
4145.522218, fetch failed, undefined 
4145.0003799999995, fetch failed, undefined 
4145.294556, fetch failed, undefined 
4145.048443000001, fetch failed, undefined 
4144.974585, fetch failed, undefined 
4144.8331069999995, fetch failed, undefined 
4144.498399, fetch failed, undefined 
4144.189629, fetch failed, undefined 
4143.945748, fetch failed, undefined 
4143.779031, fetch failed, undefined 
4143.659034, fetch failed, undefined 
4143.561463, fetch failed, undefined 
4143.482125, fetch failed, undefined 
4143.415531000001, fetch failed, undefined 
4143.166381, fetch failed, undefined 
4143.452335, fetch failed, undefined 
4143.064932, fetch failed, undefined 
4142.904469, fetch failed, undefined 
4142.736575999999, fetch failed, undefined 
4142.658423, fetch failed, undefined 
4142.322147999999, fetch failed, undefined 
4142.045077, fetch failed, undefined 
4141.24307, fetch failed, undefined 
4141.688999, fetch failed, undefined 
4141.233641, fetch failed, undefined 
4141.137640000001, fetch failed, undefined 
4141.0770219999995, fetch failed, undefined 
4140.634084, fetch failed, undefined 
4140.530406999999, fetch failed, undefined 
4141.319076, fetch failed, undefined 
4140.740759, fetch failed, undefined 
4140.6772679999995, fetch failed, undefined 
4140.446696999999, fetch failed, undefined 
4140.738605999999, fetch failed, undefined 
4140.500771, fetch failed, undefined 
4140.437094, fetch failed, undefined 
4140.095283000001, fetch failed, undefined 
4140.377087, fetch failed, undefined 
4140.15283, fetch failed, undefined 
4139.941065999999, fetch failed, undefined 
4139.87421, fetch failed, undefined 
4139.7609600000005, fetch failed, undefined 
4137.415159, fetch failed, undefined 
4137.249232, fetch failed, undefined 
4138.2461029999995, fetch failed, undefined 
4137.277513, fetch failed, undefined 
4137.212729, fetch failed, undefined 
4137.141004, fetch failed, undefined 
4137.07186, fetch failed, undefined 
4137.01912, fetch failed, undefined 
4136.773384, fetch failed, undefined 
4136.733136000001, fetch failed, undefined 
4137.191819, fetch failed, undefined 
4136.668958, fetch failed, undefined 
4136.60168, fetch failed, undefined 
4136.384968, fetch failed, undefined 
4136.659106, fetch failed, undefined 
4135.9912939999995, fetch failed, undefined 
4136.335370999999, fetch failed, undefined 
4135.995859, fetch failed, undefined 
4135.918044, fetch failed, undefined 
4135.839391, fetch failed, undefined 
4135.757669, fetch failed, undefined 
4135.69146, fetch failed, undefined 
4135.5476610000005, fetch failed, undefined 
4135.340974, fetch failed, undefined 
4135.259484, fetch failed, undefined 
4135.324642, fetch failed, undefined 
4135.286296, fetch failed, undefined 
4135.233058000001, fetch failed, undefined 
4135.166107999999, fetch failed, undefined 
4134.918177, fetch failed, undefined 
4135.19922, fetch failed, undefined 
4135.0622189999995, fetch failed, undefined 
4134.400991, fetch failed, undefined 
4134.974006, fetch failed, undefined 
4134.347761999999, fetch failed, undefined 
4134.270152, fetch failed, undefined 
4134.017315, fetch failed, undefined 
4134.3310870000005, fetch failed, undefined 
4133.6855080000005, fetch failed, undefined 
4134.235232999999, fetch failed, undefined 
4133.322338, fetch failed, undefined 
4133.861675, fetch failed, undefined 
4133.3350009999995, fetch failed, undefined 
4132.998799000001, fetch failed, undefined 
4133.376812, fetch failed, undefined 
4133.029589, fetch failed, undefined 
4132.7622630000005, fetch failed, undefined 
4133.077677, fetch failed, undefined 
4132.842079999999, fetch failed, undefined 
4132.790239, fetch failed, undefined 
4132.74749, fetch failed, undefined 
4132.687741000001, fetch failed, undefined 
4132.636164, fetch failed, undefined 
4132.603311000001, fetch failed, undefined 
4132.216293, fetch failed, undefined 
4132.047722, fetch failed, undefined 
4132.831265, fetch failed, undefined 
4131.875542, fetch failed, undefined 
4132.302382, fetch failed, undefined 
4131.969059, fetch failed, undefined 
4131.756359, fetch failed, undefined 
4131.4549799999995, fetch failed, undefined 
4131.16943, fetch failed, undefined 
4131.490882, fetch failed, undefined 
4130.977532, fetch failed, undefined 
4131.349638, fetch failed, undefined 
4130.700237999999, fetch failed, undefined 
4131.038785, fetch failed, undefined 
4130.318697999999, fetch failed, undefined 
4130.680618, fetch failed, undefined 
4130.316559999999, fetch failed, undefined 
4130.224859, fetch failed, undefined 
4129.931911, fetch failed, undefined 
4130.230186000001, fetch failed, undefined 
4129.727339, fetch failed, undefined 
4130.020451, fetch failed, undefined 
4129.749976000001, fetch failed, undefined 
4129.053623, fetch failed, undefined 
4128.395847, fetch failed, undefined 
4128.877586, fetch failed, undefined 
4128.419377, fetch failed, undefined 
4128.062271999999, fetch failed, undefined 
4127.845168000001, fetch failed, undefined 
4127.721551, fetch failed, undefined 
4127.590994, fetch failed, undefined 
4127.432635, fetch failed, undefined 
4127.3873490000005, fetch failed, undefined 
4127.892533, fetch failed, undefined 
4127.454187, fetch failed, undefined 
4127.305811, fetch failed, undefined 
4126.9493299999995, fetch failed, undefined 
4127.273932, fetch failed, undefined 
4126.756101000001, fetch failed, undefined 
4126.490212999999, fetch failed, undefined 
4127.170929, fetch failed, undefined 
4126.480847000001, fetch failed, undefined 
4126.243764, fetch failed, undefined 
4126.144163, fetch failed, undefined 
4125.88603, fetch failed, undefined 
4125.5590090000005, fetch failed, undefined 
4125.394502, fetch failed, undefined 
4124.138972000001, fetch failed, undefined 
4123.5059599999995, fetch failed, undefined 
4123.891914000001, fetch failed, undefined 
4123.231733, fetch failed, undefined 
4123.553029000001, fetch failed, undefined 
4123.237626, fetch failed, undefined 
4123.134199, fetch failed, undefined 
4123.027145, fetch failed, undefined 
4122.709116, fetch failed, undefined 
4123.027178, fetch failed, undefined 
4122.717044, fetch failed, undefined 
4122.6267609999995, fetch failed, undefined 
4122.514775000001, fetch failed, undefined 
4122.384237, fetch failed, undefined 
4121.8664100000005, fetch failed, undefined 
4121.732326, fetch failed, undefined 
4121.619038999999, fetch failed, undefined 
4122.633703, fetch failed, undefined 
4121.733615, fetch failed, undefined 
4121.393448000001, fetch failed, undefined 
4121.254397, fetch failed, undefined 
4121.023586, fetch failed, undefined 
4120.51982, fetch failed, undefined 
4120.160389000001, fetch failed, undefined 
4119.448847, fetch failed, undefined 
4119.982334, fetch failed, undefined 
4118.826783, fetch failed, undefined 
4119.3587370000005, fetch failed, undefined 
4118.715394, fetch failed, undefined 
4118.603747, fetch failed, undefined 
4118.223204, fetch failed, undefined 
4118.551418999999, fetch failed, undefined 
4118.228453, fetch failed, undefined 
4118.146403, fetch failed, undefined 
4118.07059, fetch failed, undefined 
4117.710356, fetch failed, undefined 
4118.041972, fetch failed, undefined 
4117.61507, fetch failed, undefined 
4117.296012999999, fetch failed, undefined 
4117.613825, fetch failed, undefined 
4117.286645, fetch failed, undefined 
4117.205376, fetch failed, undefined 
4116.890004999999, fetch failed, undefined 
4116.823587000001, fetch failed, undefined 
4117.3482, fetch failed, undefined 
4116.844923, fetch failed, undefined 
4116.769596, fetch failed, undefined 
4116.7006169999995, fetch failed, undefined 
4116.615034, fetch failed, undefined 
4116.5598390000005, fetch failed, undefined 
4116.4372730000005, fetch failed, undefined 
4116.974436, fetch failed, undefined 
4116.492064, fetch failed, undefined 
4116.415629, fetch failed, undefined 
4116.342076999999, fetch failed, undefined 
4116.093074, fetch failed, undefined 
4116.023422, fetch failed, undefined 
4116.4809239999995, fetch failed, undefined 
4116.0638930000005, fetch failed, undefined 
4115.995612, fetch failed, undefined 
4115.921854, fetch failed, undefined 
4115.857287999999, fetch failed, undefined 
4115.790089, fetch failed, undefined 
4115.7151730000005, fetch failed, undefined 
4115.645735, fetch failed, undefined 
4115.565247, fetch failed, undefined 
4115.506293, fetch failed, undefined 
4115.231189, fetch failed, undefined 
4115.525915, fetch failed, undefined 
4115.171312, fetch failed, undefined 
4115.0273609999995, fetch failed, undefined 
4114.917668, fetch failed, undefined 
4114.830787000001, fetch failed, undefined 
4114.729773, fetch failed, undefined 
4114.445794, fetch failed, undefined 
4114.300789999999, fetch failed, undefined 
4113.93167, fetch failed, undefined 
4113.804633, fetch failed, undefined 
4113.6808040000005, fetch failed, undefined 
4114.501045, fetch failed, undefined 
4113.694895999999, fetch failed, undefined 
4113.4972689999995, fetch failed, undefined 
4113.907649, fetch failed, undefined 
4113.485154, fetch failed, undefined 
4113.804425, fetch failed, undefined 
4113.545668999999, fetch failed, undefined 
4113.48724, fetch failed, undefined 
4113.245919, fetch failed, undefined 
4113.536443999999, fetch failed, undefined 
4113.280226000001, fetch failed, undefined 
4113.210482, fetch failed, undefined 
4113.144253, fetch failed, undefined 
4113.034023, fetch failed, undefined 
4112.865569, fetch failed, undefined 
4112.061087, fetch failed, undefined 
4111.707190000001, fetch failed, undefined 
4111.5135820000005, fetch failed, undefined 
4112.930443, fetch failed, undefined 
4111.493026, fetch failed, undefined 
4111.199009999999, fetch failed, undefined 
4111.04396, fetch failed, undefined 
4111.633662, fetch failed, undefined 
4111.025439, fetch failed, undefined 
4110.737432, fetch failed, undefined 
4111.029380999999, fetch failed, undefined 
4110.7567819999995, fetch failed, undefined 
4110.690539, fetch failed, undefined 
4110.4239720000005, fetch failed, undefined 
4110.709477, fetch failed, undefined 
4110.461472, fetch failed, undefined 
4110.199127999999, fetch failed, undefined 
4110.127465, fetch failed, undefined 
4110.59945, fetch failed, undefined 
4109.9840380000005, fetch failed, undefined 
4110.270046, fetch failed, undefined 
4109.955859, fetch failed, undefined 
4109.888635, fetch failed, undefined 
4109.745213, fetch failed, undefined 
4109.380346999999, fetch failed, undefined 
4109.763158000001, fetch failed, undefined 
4109.190667999999, fetch failed, undefined 
4109.503138, fetch failed, undefined 
4109.223936, fetch failed, undefined 
4109.615030000001, fetch failed, undefined 
4109.541574000001, fetch failed, undefined 
4109.4856070000005, fetch failed, undefined 
4109.249831, fetch failed, undefined 
4109.643408, fetch failed, undefined 
4109.47819, fetch failed, undefined 
4109.410383, fetch failed, undefined 
4109.158204, fetch failed, undefined 
4109.472793000001, fetch failed, undefined 
4109.223453, fetch failed, undefined 
4109.162885, fetch failed, undefined 
4108.890797, fetch failed, undefined 
4109.191818, fetch failed, undefined 
4108.940362, fetch failed, undefined 
4108.709648, fetch failed, undefined 
4108.649399, fetch failed, undefined 
4109.112340000001, fetch failed, undefined 
4108.618251, fetch failed, undefined 
4108.939137, fetch failed, undefined 
4108.387374, fetch failed, undefined 
4108.19829, fetch failed, undefined 
4108.922236, fetch failed, undefined 
4107.9814559999995, fetch failed, undefined 
4108.292662, fetch failed, undefined 
4107.7232810000005, fetch failed, undefined 
4108.019002, fetch failed, undefined 
4107.56375, fetch failed, undefined 
4107.853728, fetch failed, undefined 
4107.584481, fetch failed, undefined 
4107.495988, fetch failed, undefined 
4107.065533999999, fetch failed, undefined 
4106.9547059999995, fetch failed, undefined 
4107.485413, fetch failed, undefined 
4106.797368, fetch failed, undefined 
4107.078367, fetch failed, undefined 
4106.562362000001, fetch failed, undefined 
4107.060551, fetch failed, undefined 
4106.575802, fetch failed, undefined 
4106.912783, fetch failed, undefined 
4106.4180209999995, fetch failed, undefined 
4106.7078329999995, fetch failed, undefined 
4106.421939, fetch failed, undefined 
4106.343025, fetch failed, undefined 
4106.06846, fetch failed, undefined 
4106.363818, fetch failed, undefined 
4106.089481, fetch failed, undefined 
4106.009787, fetch failed, undefined 
4105.925226, fetch failed, undefined 
4105.658429, fetch failed, undefined 
4105.565683000001, fetch failed, undefined 
4106.052716, fetch failed, undefined 
4105.35628, fetch failed, undefined 
4104.6934089999995, fetch failed, undefined 
4105.312619, fetch failed, undefined 
4104.638627, fetch failed, undefined 
4104.454774, fetch failed, undefined 
4104.311402, fetch failed, undefined 
4104.00479, fetch failed, undefined 
4103.770769, fetch failed, undefined 
4103.184805000001, fetch failed, undefined 
4103.542716, fetch failed, undefined 
4103.173487, fetch failed, undefined 
4103.071705, fetch failed, undefined 
4102.762255000001, fetch failed, undefined 
4103.065753999999, fetch failed, undefined 
4102.781507, fetch failed, undefined 
4102.571823, fetch failed, undefined 
4102.420864, fetch failed, undefined 
3754.0886899999996, fetch failed, undefined 
3751.775616, fetch failed, undefined 
3753.2436079999998, fetch failed, undefined 
3751.2219510000004, fetch failed, undefined 
3750.374925, fetch failed, undefined 
3749.7307769999998, fetch failed, undefined 
3747.996556, fetch failed, undefined 
3749.3594160000002, fetch failed, undefined 
3745.8498449999997, fetch failed, undefined 
3743.6476239999997, fetch failed, undefined 
3743.0328579999996, fetch failed, undefined 
3742.5946050000002, fetch failed, undefined 
3742.29259, fetch failed, undefined 
3742.10915, fetch failed, undefined 
3741.9377900000004, fetch failed, undefined 
3741.653349, fetch failed, undefined 
3741.4244819999994, fetch failed, undefined 
3741.1354650000003, fetch failed, undefined 
3740.145466, fetch failed, undefined 
3739.6229009999997, fetch failed, undefined 
3738.512049, fetch failed, undefined 
3737.3191859999997, fetch failed, undefined 
3737.801176, fetch failed, undefined 
3737.2278609999994, fetch failed, undefined 
3736.865688, fetch failed, undefined 
3736.597855, fetch failed, undefined 
3736.3084740000004, fetch failed, undefined 
3736.0626570000004, fetch failed, undefined 
3735.879787, fetch failed, undefined 
3735.636998, fetch failed, undefined 
3735.4419049999997, fetch failed, undefined 
3735.239652, fetch failed, undefined 
3734.8928990000004, fetch failed, undefined 
3734.6289079999997, fetch failed, undefined 
3734.4432939999997, fetch failed, undefined 
3734.298879, fetch failed, undefined 
3734.2540820000004, fetch failed, undefined 
3733.7932299999998, fetch failed, undefined 
3733.388089, fetch failed, undefined 
3733.1842429999997, fetch failed, undefined 
3732.2141650000003, fetch failed, undefined 
3732.965381, fetch failed, undefined 
3731.7455, fetch failed, undefined 
3731.503359, fetch failed, undefined 
3730.943285, fetch failed, undefined 
3730.556083, fetch failed, undefined 
3730.069176, fetch failed, undefined 
3730.465166, fetch failed, undefined 
3730.003987, fetch failed, undefined 
3729.849836, fetch failed, undefined 
3729.7271600000004, fetch failed, undefined 
3729.601257, fetch failed, undefined 
3729.4989300000007, fetch failed, undefined 
3729.30533, fetch failed, undefined 
3729.1815730000003, fetch failed, undefined 
3728.9409520000004, fetch failed, undefined 
3728.7246859999996, fetch failed, undefined 
3728.4183600000006, fetch failed, undefined 
3728.063908, fetch failed, undefined 
3727.769808, fetch failed, undefined 
3727.355744, fetch failed, undefined 
3726.7290140000005, fetch failed, undefined 
3727.118254, fetch failed, undefined 
3726.696707, fetch failed, undefined 
3726.260656, fetch failed, undefined 
3726.648771, fetch failed, undefined 
3726.1658820000002, fetch failed, undefined 
3725.8037840000006, fetch failed, undefined 
3726.1508679999997, fetch failed, undefined 
3725.810321, fetch failed, undefined 
3725.706053, fetch failed, undefined 
3725.344688, fetch failed, undefined 
3725.6859520000003, fetch failed, undefined 
3725.2012000000004, fetch failed, undefined 
3725.1681820000003, fetch failed, undefined 
3724.957219, fetch failed, undefined 
3724.718514, fetch failed, undefined 
3724.4539110000005, fetch failed, undefined 
3724.072682, fetch failed, undefined 
3724.398671, fetch failed, undefined 
3724.0317349999996, fetch failed, undefined 
3723.4903050000003, fetch failed, undefined 
3723.935247, fetch failed, undefined 
3723.0074290000002, fetch failed, undefined 
3722.620462, fetch failed, undefined 
3722.0712120000003, fetch failed, undefined 
3721.250513, fetch failed, undefined 
3721.7843599999997, fetch failed, undefined 
3720.585805, fetch failed, undefined 
3720.0797999999995, fetch failed, undefined 
3719.8905920000007, fetch failed, undefined 
3719.4031290000003, fetch failed, undefined 
3719.7864800000007, fetch failed, undefined 
3719.3160540000003, fetch failed, undefined 
3718.944944, fetch failed, undefined 
3719.268967, fetch failed, undefined 
3718.8678050000003, fetch failed, undefined 
3718.3957069999997, fetch failed, undefined 
3718.8098449999998, fetch failed, undefined 
3717.9761500000004, fetch failed, undefined 
3718.4950390000004, fetch failed, undefined 
3718.025681, fetch failed, undefined 
3717.6226030000003, fetch failed, undefined 
3716.7163219999998, fetch failed, undefined 
3715.863617, fetch failed, undefined 
3715.8368329999994, fetch failed, undefined 
3715.7716339999997, fetch failed, undefined 
3715.657342, fetch failed, undefined 
3715.274158, fetch failed, undefined 
3715.6594580000005, fetch failed, undefined 
3715.034807, fetch failed, undefined 
3714.790449, fetch failed, undefined 
3714.585732, fetch failed, undefined 
3714.3913150000003, fetch failed, undefined 
3714.1847799999996, fetch failed, undefined 
3714.0004489999997, fetch failed, undefined 
3713.85624, fetch failed, undefined 
3713.4978810000002, fetch failed, undefined 
3713.8393419999998, fetch failed, undefined 
3713.451491, fetch failed, undefined 
3713.0309730000004, fetch failed, undefined 
3713.426109, fetch failed, undefined 
3712.6729669999995, fetch failed, undefined 
3713.0606279999993, fetch failed, undefined 
3712.540267, fetch failed, undefined 
3712.3454020000004, fetch failed, undefined 
3711.8683220000003, fetch failed, undefined 
3712.2603980000004, fetch failed, undefined 
3711.782755, fetch failed, undefined 
3711.4712409999997, fetch failed, undefined 
3711.0424980000003, fetch failed, undefined 
3710.67701, fetch failed, undefined 
3710.506058, fetch failed, undefined 
3709.84187, fetch failed, undefined 
3710.237579, fetch failed, undefined 
3709.7853650000006, fetch failed, undefined 
3709.642503, fetch failed, undefined 
3709.518926, fetch failed, undefined 
3709.2654930000003, fetch failed, undefined 
3709.6358790000004, fetch failed, undefined 
3708.745188, fetch failed, undefined 
3709.4168859999995, fetch failed, undefined 
3708.799707, fetch failed, undefined 
3708.2323039999997, fetch failed, undefined 
3708.618283, fetch failed, undefined 
3708.199133, fetch failed, undefined 
3707.704767, fetch failed, undefined 
3708.1267720000005, fetch failed, undefined 
3707.33834, fetch failed, undefined 
3707.709019, fetch failed, undefined 
3706.5326830000004, fetch failed, undefined 
3704.9081079999996, fetch failed, undefined 
3704.120363, fetch failed, undefined 
3703.8225300000004, fetch failed, undefined 
3703.643008, fetch failed, undefined 
3703.306598, fetch failed, undefined 
3703.1288980000004, fetch failed, undefined 
3702.731212, fetch failed, undefined 
3703.0727159999997, fetch failed, undefined 
3702.6694279999997, fetch failed, undefined 
3702.430412, fetch failed, undefined 
3702.404955, fetch failed, undefined 
3702.240758, fetch failed, undefined 
3702.0921020000005, fetch failed, undefined 
3701.969064, fetch failed, undefined 
3701.4674099999997, fetch failed, undefined 
3701.955895, fetch failed, undefined 
3701.0030289999995, fetch failed, undefined 
3701.523599, fetch failed, undefined 
3700.34307, fetch failed, undefined 
3700.952168, fetch failed, undefined 
3700.133806, fetch failed, undefined 
3699.8123130000004, fetch failed, undefined 
3699.145145, fetch failed, undefined 
3698.844405, fetch failed, undefined 
3698.4406050000002, fetch failed, undefined 
3698.286225, fetch failed, undefined 
3698.144177, fetch failed, undefined 
3698.026814, fetch failed, undefined 
3697.743805, fetch failed, undefined 
3697.36849, fetch failed, undefined 
3697.8535119999997, fetch failed, undefined 
3697.1754499999997, fetch failed, undefined 
3697.495247, fetch failed, undefined 
3697.132011, fetch failed, undefined 
3696.7705700000006, fetch failed, undefined 
3697.0705100000005, fetch failed, undefined 
3696.7650889999995, fetch failed, undefined 
3696.452639, fetch failed, undefined 
3696.7638930000003, fetch failed, undefined 
3696.284433, fetch failed, undefined 
3696.5738509999996, fetch failed, undefined 
3696.099953, fetch failed, undefined 
3696.3967239999997, fetch failed, undefined 
3696.208496, fetch failed, undefined 
3696.151156, fetch failed, undefined 
3696.085117, fetch failed, undefined 
3695.662506, fetch failed, undefined 
3695.1022399999997, fetch failed, undefined 
3695.741449, fetch failed, undefined 
3694.5768660000003, fetch failed, undefined 
3695.63008, fetch failed, undefined 
3694.495621, fetch failed, undefined 
3694.0388789999997, fetch failed, undefined 
3694.423978, fetch failed, undefined 
3694.036558, fetch failed, undefined 
3693.9345969999995, fetch failed, undefined 
3693.6458000000002, fetch failed, undefined 
3693.947008, fetch failed, undefined 
3693.434862, fetch failed, undefined 
3693.8253109999996, fetch failed, undefined 
3693.5733280000004, fetch failed, undefined 
3693.4462160000003, fetch failed, undefined 
3693.2768339999993, fetch failed, undefined 
3692.986978, fetch failed, undefined 
3692.554161, fetch failed, undefined 
3691.7812900000004, fetch failed, undefined 
3690.45607, fetch failed, undefined 
3689.853397, fetch failed, undefined 
3689.230485, fetch failed, undefined 
3688.4969730000003, fetch failed, undefined 
3689.1181650000003, fetch failed, undefined 
3688.9967050000005, fetch failed, undefined 
3689.1605279999994, fetch failed, undefined 
3688.794688, fetch failed, undefined 
3688.6546709999993, fetch failed, undefined 
3689.0051369999996, fetch failed, undefined 
3688.717756, fetch failed, undefined 
3688.339626, fetch failed, undefined 
3687.3262060000006, fetch failed, undefined 
3686.085596, fetch failed, undefined 
3685.8408759999993, fetch failed, undefined 
3684.4236220000003, fetch failed, undefined 
3684.0399640000005, fetch failed, undefined 
3684.099169, fetch failed, undefined 
3683.708863, fetch failed, undefined 
3683.404921, fetch failed, undefined 
3683.139317, fetch failed, undefined 
3682.868877, fetch failed, undefined 
3682.451892, fetch failed, undefined 
3682.2789059999996, fetch failed, undefined 
3681.9626630000002, fetch failed, undefined 
3681.574323, fetch failed, undefined 
3681.0539579999995, fetch failed, undefined 
3680.566957, fetch failed, undefined 
3680.2022070000003, fetch failed, undefined 
3679.864807, fetch failed, undefined 
3679.68235, fetch failed, undefined 
3679.339632, fetch failed, undefined 
3679.120439, fetch failed, undefined 
3678.8202499999998, fetch failed, undefined 
3678.221131, fetch failed, undefined 
3678.6804920000004, fetch failed, undefined 
3678.3281859999997, fetch failed, undefined 
3678.017417, fetch failed, undefined 
3677.6401689999993, fetch failed, undefined 
3677.3630369999996, fetch failed, undefined 
3677.1215029999994, fetch failed, undefined 
3676.6807289999997, fetch failed, undefined 
3676.1413730000004, fetch failed, undefined 
3674.375527, fetch failed, undefined 
3674.8213549999996, fetch failed, undefined 
3673.6225399999994, fetch failed, undefined 
3672.595558, fetch failed, undefined 
3672.456963, fetch failed, undefined 
3672.0985180000007, fetch failed, undefined 
3671.943773, fetch failed, undefined 
3671.5173800000002, fetch failed, undefined 
3671.0236780000005, fetch failed, undefined 
3670.7252719999997, fetch failed, undefined 
3670.3796030000003, fetch failed, undefined 
3669.674979, fetch failed, undefined 
3668.4932559999997, fetch failed, undefined 
3668.355189, fetch failed, undefined 
3667.7615809999998, fetch failed, undefined 
3667.411616, fetch failed, undefined 
3667.1665459999995, fetch failed, undefined 
3666.6904050000003, fetch failed, undefined 
3666.41273, fetch failed, undefined 
3666.1661649999996, fetch failed, undefined 
3665.9109579999995, fetch failed, undefined 
3665.657379, fetch failed, undefined 
3665.4055110000004, fetch failed, undefined 
3665.137269, fetch failed, undefined 
3664.940068, fetch failed, undefined 
3664.8760640000005, fetch failed, undefined 
3664.782233, fetch failed, undefined 
3664.7196780000004, fetch failed, undefined 
3664.6241200000004, fetch failed, undefined 
3664.52672, fetch failed, undefined 
3664.4228479999997, fetch failed, undefined 
3664.3176649999996, fetch failed, undefined 
3664.2387310000004, fetch failed, undefined 
3664.110521, fetch failed, undefined 
3663.407012, fetch failed, undefined 
3664.039957, fetch failed, undefined 
3663.377182, fetch failed, undefined 
3663.8010250000007, fetch failed, undefined 
3663.296647, fetch failed, undefined 
3662.764344, fetch failed, undefined 
3661.6703449999995, fetch failed, undefined 
3662.117579, fetch failed, undefined 
3661.6275219999998, fetch failed, undefined 
3661.1231220000004, fetch failed, undefined 
3661.613601, fetch failed, undefined 
3661.0131170000004, fetch failed, undefined 
3660.4792820000002, fetch failed, undefined 
3660.8678249999994, fetch failed, undefined 
3660.40113, fetch failed, undefined 
3659.951304, fetch failed, undefined 
3660.327445, fetch failed, undefined 
3659.8367180000005, fetch failed, undefined 
3660.190639, fetch failed, undefined 
3659.8392780000004, fetch failed, undefined 
3659.6462659999997, fetch failed, undefined 
3659.503568, fetch failed, undefined 
3659.0561319999997, fetch failed, undefined 
3659.495306, fetch failed, undefined 
3658.841439, fetch failed, undefined 
3658.7511289999993, fetch failed, undefined 
3658.6362830000007, fetch failed, undefined 
3658.1715280000003, fetch failed, undefined 
3658.5181630000006, fetch failed, undefined 
3658.15336, fetch failed, undefined 
3658.0633700000003, fetch failed, undefined 
3657.6743480000005, fetch failed, undefined 
3658.0642159999998, fetch failed, undefined 
3657.6008570000004, fetch failed, undefined 
3657.4442879999997, fetch failed, undefined 
3657.1024700000007, fetch failed, undefined 
3657.586919, fetch failed, undefined 
3657.180627, fetch failed, undefined 
3656.9069549999995, fetch failed, undefined 
3656.3690850000003, fetch failed, undefined 
3656.7332619999997, fetch failed, undefined 
3656.1433140000004, fetch failed, undefined 
3656.798862, fetch failed, undefined 
3656.2551729999996, fetch failed, undefined 
3656.819445, fetch failed, undefined 
3656.253437, fetch failed, undefined 
3656.778828, fetch failed, undefined 
3656.4554099999996, fetch failed, undefined 
3656.4364830000004, fetch failed, undefined 
3656.082471, fetch failed, undefined 
3655.967466, fetch failed, undefined 
3655.368036, fetch failed, undefined 
3655.070678, fetch failed, undefined 
3654.949805, fetch failed, undefined 
3654.897925, fetch failed, undefined 
3654.8191369999995, fetch failed, undefined 
3654.6428309999997, fetch failed, undefined 
3654.4855049999996, fetch failed, undefined 
3654.3537939999997, fetch failed, undefined 
3654.0091810000004, fetch failed, undefined 
3654.339253, fetch failed, undefined 
3653.7371500000004, fetch failed, undefined 
3654.07788, fetch failed, undefined 
3653.4559700000004, fetch failed, undefined 
3653.8336420000005, fetch failed, undefined 
3653.362389, fetch failed, undefined 
3653.2210320000004, fetch failed, undefined 
3652.850225, fetch failed, undefined 
3653.1838749999997, fetch failed, undefined 
3652.7257770000006, fetch failed, undefined 
3653.1225, fetch failed, undefined 
3652.7954409999998, fetch failed, undefined 
3652.694703, fetch failed, undefined 
3652.56523, fetch failed, undefined 
3652.452646, fetch failed, undefined 
3651.9085829999995, fetch failed, undefined 
3652.427536, fetch failed, undefined 
3651.5836320000003, fetch failed, undefined 
3651.3828270000004, fetch failed, undefined 
3650.9247749999995, fetch failed, undefined 
3650.616095, fetch failed, undefined 
3650.4438069999997, fetch failed, undefined 
3650.2889499999997, fetch failed, undefined 
3650.1733480000003, fetch failed, undefined 
3650.0643009999994, fetch failed, undefined 
3649.960706, fetch failed, undefined 
3649.8691529999996, fetch failed, undefined 
3649.7590539999997, fetch failed, undefined 
3649.653419, fetch failed, undefined 
3649.591212, fetch failed, undefined 
3649.5550279999998, fetch failed, undefined 
3649.4802769999997, fetch failed, undefined 
3649.385405, fetch failed, undefined 
3649.3542319999997, fetch failed, undefined 
3649.0941409999996, fetch failed, undefined 
3649.4368680000002, fetch failed, undefined 
3648.7600709999997, fetch failed, undefined 
3649.1152839999995, fetch failed, undefined 
3648.3801379999995, fetch failed, undefined 
3648.259712, fetch failed, undefined 
3648.8415749999995, fetch failed, undefined 
3648.2260519999995, fetch failed, undefined 
3647.757409, fetch failed, undefined 
3648.463844, fetch failed, undefined 
3647.8945189999995, fetch failed, undefined 
3648.252984, fetch failed, undefined 
3647.9227209999995, fetch failed, undefined 
3647.6140490000007, fetch failed, undefined 
3647.915417, fetch failed, undefined 
3647.2684999999997, fetch failed, undefined 
3647.7126390000003, fetch failed, undefined 
3647.187323, fetch failed, undefined 
3638.5666869999995, fetch failed, undefined 
3638.2951350000003, fetch failed, undefined 
3638.167417, fetch failed, undefined 
3638.0421770000003, fetch failed, undefined 
3637.725193, fetch failed, undefined 
3637.7536429999996, fetch failed, undefined 
3637.717985, fetch failed, undefined 
3637.717428, fetch failed, undefined 
3638.6213960000005, fetch failed, undefined 
3637.510411, fetch failed, undefined 
3637.4136659999995, fetch failed, undefined 
3637.902559, fetch failed, undefined 
3637.4153000000006, fetch failed, undefined 
3637.1302769999998, fetch failed, undefined 
3637.4274809999997, fetch failed, undefined 
3637.14705, fetch failed, undefined 
3637.0649900000003, fetch failed, undefined 
3636.7411869999996, fetch failed, undefined 
3637.068138, fetch failed, undefined 
3636.517692, fetch failed, undefined 
3636.062568, fetch failed, undefined 
3635.93123, fetch failed, undefined 
3636.49631, fetch failed, undefined 
3635.843544, fetch failed, undefined 
3635.9268409999995, fetch failed, undefined 
3635.8839310000003, fetch failed, undefined 
3635.4340899999997, fetch failed, undefined 
3635.064176, fetch failed, undefined 
3634.5049629999994, fetch failed, undefined 
3634.8411909999995, fetch failed, undefined 
3634.4191920000003, fetch failed, undefined 
3634.1146599999997, fetch failed, undefined 
3633.8950820000005, fetch failed, undefined 
3633.7809970000003, fetch failed, undefined 
3633.642727, fetch failed, undefined 
3633.519651, fetch failed, undefined 
3633.2101329999996, fetch failed, undefined 
3633.0270170000003, fetch failed, undefined 
3633.617334, fetch failed, undefined 
3632.9891819999993, fetch failed, undefined 
3632.863281, fetch failed, undefined 
3632.529637, fetch failed, undefined 
3632.857993, fetch failed, undefined 
3632.497317, fetch failed, undefined 
3632.094391, fetch failed, undefined 
3632.4893970000003, fetch failed, undefined 
3632.0516489999995, fetch failed, undefined 
3631.9393720000003, fetch failed, undefined 
3631.5182300000006, fetch failed, undefined 
3631.9299180000003, fetch failed, undefined 
3631.643731, fetch failed, undefined 
3631.3278649999997, fetch failed, undefined 
3631.744737, fetch failed, undefined 
3631.0099520000003, fetch failed, undefined 
3631.6005709999995, fetch failed, undefined 
3630.783931, fetch failed, undefined 
3630.153248, fetch failed, undefined 
3629.467066, fetch failed, undefined 
3629.995187, fetch failed, undefined 
3629.134904, fetch failed, undefined 
3628.9594869999996, fetch failed, undefined 
3629.7375230000002, fetch failed, undefined 
3628.946788, fetch failed, undefined 
3628.818267, fetch failed, undefined 
3628.969382, fetch failed, undefined 
3628.7974950000003, fetch failed, undefined 
3628.5908890000005, fetch failed, undefined 
3626.871859, fetch failed, undefined 
3626.097227, fetch failed, undefined 
3626.6977800000004, fetch failed, undefined 
3625.526235, fetch failed, undefined 
3626.106545, fetch failed, undefined 
3623.815495, fetch failed, undefined 
3625.178245, fetch failed, undefined 
3623.458283, fetch failed, undefined 
3622.485204, fetch failed, undefined 
3622.5657870000005, fetch failed, undefined 
3623.883914, fetch failed, undefined 
3622.4021020000005, fetch failed, undefined 
3622.18311, fetch failed, undefined 
3621.833428, fetch failed, undefined 
3622.169281, fetch failed, undefined 
3621.8240490000003, fetch failed, undefined 
3621.717976, fetch failed, undefined 
3621.345124, fetch failed, undefined 
3621.7070300000005, fetch failed, undefined 
3621.2357970000003, fetch failed, undefined 
3620.9980010000004, fetch failed, undefined 
3620.0561440000006, fetch failed, undefined 
3620.914994, fetch failed, undefined 
3619.900896, fetch failed, undefined 
3619.1977650000003, fetch failed, undefined 
3619.705146, fetch failed, undefined 
3618.440787, fetch failed, undefined 
3618.135906, fetch failed, undefined 
3617.5805689999997, fetch failed, undefined 
3617.4669140000005, fetch failed, undefined 
3618.5589680000003, fetch failed, undefined 
3617.677363, fetch failed, undefined 
3617.3700820000004, fetch failed, undefined 
3616.0583440000005, fetch failed, undefined 
3615.9193339999997, fetch failed, undefined 
3615.607472, fetch failed, undefined 
3616.045145, fetch failed, undefined 
3615.185946, fetch failed, undefined 
3615.7821509999994, fetch failed, undefined 
3615.0935310000004, fetch failed, undefined 
3614.1027010000003, fetch failed, undefined 
3615.3516, fetch failed, undefined 
3614.1184580000004, fetch failed, undefined 
3613.960191, fetch failed, undefined 
3613.8854280000005, fetch failed, undefined 
3613.82014, fetch failed, undefined 
3613.7451929999997, fetch failed, undefined 
3613.301349, fetch failed, undefined 
3613.772592, fetch failed, undefined 
3613.240073, fetch failed, undefined 
3612.7785519999998, fetch failed, undefined 
3613.1400580000004, fetch failed, undefined 
3612.481837, fetch failed, undefined 
3612.863346, fetch failed, undefined 
3612.545219, fetch failed, undefined 
3612.4819809999995, fetch failed, undefined 
3612.180493, fetch failed, undefined 
3612.0897879999998, fetch failed, undefined 
3612.6031430000003, fetch failed, undefined 
3612.097935, fetch failed, undefined 
3611.6897950000002, fetch failed, undefined 
3612.107824, fetch failed, undefined 
3611.617499, fetch failed, undefined 
3611.482551, fetch failed, undefined 
3611.1079609999997, fetch failed, undefined 
3611.656413, fetch failed, undefined 
3611.377762, fetch failed, undefined 
3610.792541, fetch failed, undefined 
3611.390104, fetch failed, undefined 
3610.7522230000004, fetch failed, undefined 
3609.651974, fetch failed, undefined 
3609.2426209999994, fetch failed, undefined 
3609.0590049999996, fetch failed, undefined 
3608.9358009999996, fetch failed, undefined 
3608.840002, fetch failed, undefined 
3608.741844, fetch failed, undefined 
3608.898734, fetch failed, undefined 
3608.669572, fetch failed, undefined 
3608.533629, fetch failed, undefined 
3609.0917160000004, fetch failed, undefined 
3608.3601550000003, fetch failed, undefined 
3608.646988, fetch failed, undefined 
3608.175133, fetch failed, undefined 
3608.473565, fetch failed, undefined 
3608.1827260000005, fetch failed, undefined 
3608.0396869999995, fetch failed, undefined 
3607.5780999999997, fetch failed, undefined 
3607.984735, fetch failed, undefined 
3607.148176, fetch failed, undefined 
3607.579069, fetch failed, undefined 
3607.1189590000004, fetch failed, undefined 
3607.015299, fetch failed, undefined 
3606.699703, fetch failed, undefined 
3607.008063, fetch failed, undefined 
3606.46525, fetch failed, undefined 
3606.76412, fetch failed, undefined 
3606.1605950000003, fetch failed, undefined 
3606.566479, fetch failed, undefined 
3606.017701, fetch failed, undefined 
3605.798916, fetch failed, undefined 
3605.5770549999997, fetch failed, undefined 
3605.347928, fetch failed, undefined 
3605.1562609999996, fetch failed, undefined 
3604.7929249999997, fetch failed, undefined 
3605.131964, fetch failed, undefined 
3604.5174810000003, fetch failed, undefined 
3604.8433239999995, fetch failed, undefined 
3604.5187430000005, fetch failed, undefined 
3604.7129140000006, fetch failed, undefined 
3604.819277, fetch failed, undefined 
3604.791612, fetch failed, undefined 
3604.6448539999997, fetch failed, undefined 
3604.557451, fetch failed, undefined 
3604.4621180000004, fetch failed, undefined 
3605.003144, fetch failed, undefined 
3604.406189, fetch failed, undefined 
3604.84384, fetch failed, undefined 
3604.5211710000003, fetch failed, undefined 
3604.2253819999996, fetch failed, undefined 
3604.5366839999997, fetch failed, undefined 
3604.2289929999997, fetch failed, undefined 
3604.1312159999998, fetch failed, undefined 
3604.0295309999997, fetch failed, undefined 
3603.931521, fetch failed, undefined 
3603.841231, fetch failed, undefined 
3603.8035330000002, fetch failed, undefined 
3603.7031030000003, fetch failed, undefined 
3603.5730040000003, fetch failed, undefined 
3603.8922019999995, fetch failed, undefined 
3603.5737219999996, fetch failed, undefined 
3603.473691, fetch failed, undefined 
3603.3730429999996, fetch failed, undefined 
3603.0912590000003, fetch failed, undefined 
3603.4883930000005, fetch failed, undefined 
3602.9691220000004, fetch failed, undefined 
3602.8434540000003, fetch failed, undefined 
3602.0414560000004, fetch failed, undefined 
3602.4170630000003, fetch failed, undefined 
3602.041631, fetch failed, undefined 
3601.9373689999998, fetch failed, undefined 
3601.8202189999997, fetch failed, undefined 
3601.5759909999997, fetch failed, undefined 
3601.3110770000003, fetch failed, undefined 
3601.1107309999998, fetch failed, undefined 
3600.802002, fetch failed, undefined 
3600.5827520000003, fetch failed, undefined 
3600.360368, fetch failed, undefined 
3599.878011, fetch failed, undefined 
3600.228187, fetch failed, undefined 
3599.7145790000004, fetch failed, undefined 
3600.121937, fetch failed, undefined 
3599.8293080000003, fetch failed, undefined 
3599.7024910000005, fetch failed, undefined 
3599.583517, fetch failed, undefined 
3599.098521, fetch failed, undefined 
3599.523089, fetch failed, undefined 
3598.710471, fetch failed, undefined 
3599.2394380000005, fetch failed, undefined 
3598.5554859999997, fetch failed, undefined 
3597.672137, fetch failed, undefined 
3597.1206649999995, fetch failed, undefined 
3597.0261509999996, fetch failed, undefined 
3596.8712539999997, fetch failed, undefined 
3597.2384589999997, fetch failed, undefined 
3597.0993740000004, fetch failed, undefined 
3597.5689190000003, fetch failed, undefined 
3597.133852, fetch failed, undefined 
3597.0968840000005, fetch failed, undefined 
3596.7530540000002, fetch failed, undefined 
3597.237892, fetch failed, undefined 
3596.6319089999997, fetch failed, undefined 
3597.0735649999997, fetch failed, undefined 
3596.651136, fetch failed, undefined 
3596.4836390000005, fetch failed, undefined 
3596.1576459999997, fetch failed, undefined 
3596.496401, fetch failed, undefined 
3596.291938, fetch failed, undefined 
3595.894369, fetch failed, undefined 
3596.405105, fetch failed, undefined 
3595.982297, fetch failed, undefined 
3595.6778050000003, fetch failed, undefined 
3595.9909500000003, fetch failed, undefined 
3595.6703119999997, fetch failed, undefined 
3595.58783, fetch failed, undefined 
3595.926593, fetch failed, undefined 
3595.8539880000003, fetch failed, undefined 
3595.7707739999996, fetch failed, undefined 
3595.4603030000003, fetch failed, undefined 
3595.7780190000003, fetch failed, undefined 
3595.4688010000004, fetch failed, undefined 
3595.382824, fetch failed, undefined 
3595.2901829999996, fetch failed, undefined 
3595.199307, fetch failed, undefined 
3594.7636269999994, fetch failed, undefined 
3595.4812060000004, fetch failed, undefined 
3595.0458009999998, fetch failed, undefined 
3594.919059, fetch failed, undefined 
3594.8060210000003, fetch failed, undefined 
3594.2827530000004, fetch failed, undefined 
3594.0047729999997, fetch failed, undefined 
3593.8678470000004, fetch failed, undefined 
3593.60396, fetch failed, undefined 
3593.45768, fetch failed, undefined 
3593.343291, fetch failed, undefined 
3593.144233, fetch failed, undefined 
3593.0085510000004, fetch failed, undefined 
3593.0361840000005, fetch failed, undefined 
3592.888289, fetch failed, undefined 
3593.386488, fetch failed, undefined 
3593.160916, fetch failed, undefined 
3593.1098250000005, fetch failed, undefined 
3592.850465, fetch failed, undefined 
3593.2642149999997, fetch failed, undefined 
3593.048152, fetch failed, undefined 
3593.0147810000003, fetch failed, undefined 
3592.9588320000003, fetch failed, undefined 
3592.871711, fetch failed, undefined 
3593.468962, fetch failed, undefined 
3593.7453110000006, fetch failed, undefined 
3593.801688, fetch failed, undefined 
3593.7082920000003, fetch failed, undefined 
3593.507643, fetch failed, undefined 
3593.337422, fetch failed, undefined 
3592.998906, fetch failed, undefined 
3594.1090189999995, fetch failed, undefined 
3593.809907, fetch failed, undefined 
3594.160368, fetch failed, undefined 
3593.8654420000003, fetch failed, undefined 
3593.7781190000005, fetch failed, undefined 
3593.668911, fetch failed, undefined 
3593.551056, fetch failed, undefined 
3593.055183, fetch failed, undefined 
3593.3829499999997, fetch failed, undefined 
3593.040059, fetch failed, undefined 
3592.9243399999996, fetch failed, undefined 
3592.848861, fetch failed, undefined 
3592.7334549999996, fetch failed, undefined 
3592.7519119999997, fetch failed, undefined 
3592.7212260000006, fetch failed, undefined 
3592.596461, fetch failed, undefined 
3592.4523150000005, fetch failed, undefined 
3592.134252, fetch failed, undefined 
3592.481133, fetch failed, undefined 
3592.182706, fetch failed, undefined 
3592.108095, fetch failed, undefined 
3591.964007, fetch failed, undefined 
3591.4969799999994, fetch failed, undefined 
3591.860411, fetch failed, undefined 
3591.464204, fetch failed, undefined 
3591.150802, fetch failed, undefined 
3591.456943, fetch failed, undefined 
3590.8724139999995, fetch failed, undefined 
3591.311724, fetch failed, undefined 
3591.0116359999997, fetch failed, undefined 
3590.9232660000002, fetch failed, undefined 
3590.828837, fetch failed, undefined 
3590.7676460000002, fetch failed, undefined 
3590.481681, fetch failed, undefined 
3590.7900059999997, fetch failed, undefined 
3590.4822400000003, fetch failed, undefined 
3590.193496, fetch failed, undefined 
3590.4945800000005, fetch failed, undefined 
3590.1668580000005, fetch failed, undefined 
3590.4299160000005, fetch failed, undefined 
3590.9472399999995, fetch failed, undefined 
3590.4245309999997, fetch failed, undefined 
3590.0607620000005, fetch failed, undefined 
3590.3917819999997, fetch failed, undefined 
3590.0637910000005, fetch failed, undefined 
3589.793017, fetch failed, undefined 
3589.3738220000005, fetch failed, undefined 
3589.696512, fetch failed, undefined 
3589.3464099999997, fetch failed, undefined 
3589.035133, fetch failed, undefined 
3589.346945, fetch failed, undefined 
3588.69791, fetch failed, undefined 
3589.270202, fetch failed, undefined 
3588.982381, fetch failed, undefined 
3588.7051629999996, fetch failed, undefined 
3589.02727, fetch failed, undefined 
3588.9540429999997, fetch failed, undefined 
3588.9400520000004, fetch failed, undefined 
3588.684461, fetch failed, undefined 
3588.9907430000003, fetch failed, undefined 
3588.6680180000003, fetch failed, undefined 
3588.566508, fetch failed, undefined 
3588.4726020000003, fetch failed, undefined 
3588.394639, fetch failed, undefined 
3588.325818, fetch failed, undefined 
3587.970099, fetch failed, undefined 
3588.3234130000005, fetch failed, undefined 
3587.7866320000003, fetch failed, undefined 
3588.087251, fetch failed, undefined 
3587.7499040000002, fetch failed, undefined 
3587.657113, fetch failed, undefined 
3587.8630319999997, fetch failed, undefined 
3587.7492700000003, fetch failed, undefined 
3587.434676, fetch failed, undefined 
3587.7380550000003, fetch failed, undefined 
3587.2322440000003, fetch failed, undefined 
3587.735522, fetch failed, undefined 
3587.526009, fetch failed, undefined 
3587.461953, fetch failed, undefined 
3587.336704, fetch failed, undefined 
3587.2512239999996, fetch failed, undefined 
3587.1712490000004, fetch failed, undefined 
3587.087748, fetch failed, undefined 
3586.9343479999998, fetch failed, undefined 
3586.8324290000005, fetch failed, undefined 
3586.993939, fetch failed, undefined 
3587.3515429999998, fetch failed, undefined 
3586.760344, fetch failed, undefined 
3587.1217070000002, fetch failed, undefined 
3586.749337, fetch failed, undefined 
3586.637037, fetch failed, undefined 
3586.544091, fetch failed, undefined 
3586.3994679999996, fetch failed, undefined 
3586.2996450000005, fetch failed, undefined 
3586.007646, fetch failed, undefined 
3586.396927, fetch failed, undefined 
3585.9495140000004, fetch failed, undefined 
3586.251734, fetch failed, undefined 
3585.9403070000003, fetch failed, undefined 
3586.2877999999996, fetch failed, undefined 
3585.9620940000004, fetch failed, undefined 
3585.587127, fetch failed, undefined 
3585.90857, fetch failed, undefined 
3585.301113, fetch failed, undefined 
3585.664093, fetch failed, undefined 
3585.2898469999996, fetch failed, undefined 
3585.079644, fetch failed, undefined 
3584.983354, fetch failed, undefined 
3584.9127309999994, fetch failed, undefined 
3584.82467, fetch failed, undefined 
3584.7136899999996, fetch failed, undefined 
3584.469177, fetch failed, undefined 
3583.906101, fetch failed, undefined 
3584.3277239999998, fetch failed, undefined 
3583.4435569999996, fetch failed, undefined 
3584.2382349999993, fetch failed, undefined 
3582.6690730000005, fetch failed, undefined 
3582.4790460000004, fetch failed, undefined 
3571.836975, fetch failed, undefined 
3571.646311, fetch failed, undefined 
3571.521243, fetch failed, undefined 
3571.418745, fetch failed, undefined 
3571.34489, fetch failed, undefined 
3570.865927, fetch failed, undefined 
3571.3425449999995, fetch failed, undefined 
3570.8835779999995, fetch failed, undefined 
3570.604194, fetch failed, undefined 
3570.109989, fetch failed, undefined 
3569.4341410000006, fetch failed, undefined 
3568.3326899999997, fetch failed, undefined 
3568.8854040000006, fetch failed, undefined 
3567.8763939999994, fetch failed, undefined 
3568.29933, fetch failed, undefined 
3567.8335199999997, fetch failed, undefined 
3567.3991309999997, fetch failed, undefined 
3567.7580460000004, fetch failed, undefined 
3567.386355, fetch failed, undefined 
3567.0716759999996, fetch failed, undefined 
3567.3796020000004, fetch failed, undefined 
3567.072392, fetch failed, undefined 
3566.5069959999996, fetch failed, undefined 
3566.8863579999997, fetch failed, undefined 
3566.4405600000005, fetch failed, undefined 
3566.3278579999997, fetch failed, undefined 
3566.0182959999997, fetch failed, undefined 
3566.3252949999996, fetch failed, undefined 
3566.023998, fetch failed, undefined 
3565.924279, fetch failed, undefined 
3565.8636370000004, fetch failed, undefined 
3565.76771, fetch failed, undefined 
3565.655676, fetch failed, undefined 
3565.54846, fetch failed, undefined 
3565.27746, fetch failed, undefined 
3565.5724729999997, fetch failed, undefined 
3565.2895590000003, fetch failed, undefined 
3565.2029999999995, fetch failed, undefined 
3565.1184059999996, fetch failed, undefined 
3565.638587, fetch failed, undefined 
3565.3997919999997, fetch failed, undefined 
3565.8449849999997, fetch failed, undefined 
3565.627344, fetch failed, undefined 
3565.5614270000005, fetch failed, undefined 
3565.4776989999996, fetch failed, undefined 
3565.214871, fetch failed, undefined 
3565.493872, fetch failed, undefined 
3565.246852, fetch failed, undefined 
3564.629548, fetch failed, undefined 
3564.9708920000003, fetch failed, undefined 
3564.6138229999997, fetch failed, undefined 
3564.953199, fetch failed, undefined 
3564.6621859999996, fetch failed, undefined 
3564.562733, fetch failed, undefined 
3564.4768369999997, fetch failed, undefined 
3564.365261, fetch failed, undefined 
3564.2702050000003, fetch failed, undefined 
3564.175225, fetch failed, undefined 
3563.959593, fetch failed, undefined 
3564.5216940000005, fetch failed, undefined 
3564.606395, fetch failed, undefined 
3564.601069, fetch failed, undefined 
3564.524954, fetch failed, undefined 
3564.4529239999997, fetch failed, undefined 
3564.3676509999996, fetch failed, undefined 
3564.2920269999995, fetch failed, undefined 
3564.2082539999997, fetch failed, undefined 
3563.940692, fetch failed, undefined 
3564.2352310000006, fetch failed, undefined 
3563.981885, fetch failed, undefined 
3563.9945549999998, fetch failed, undefined 
3563.720459, fetch failed, undefined 
3564.3431480000004, fetch failed, undefined 
3563.8921589999995, fetch failed, undefined 
3563.7626370000003, fetch failed, undefined 
3563.649775, fetch failed, undefined 
3563.545485, fetch failed, undefined 
3562.9535290000003, fetch failed, undefined 
3562.820425, fetch failed, undefined 
3563.598404, fetch failed, undefined 
3562.807611, fetch failed, undefined 
3562.718408, fetch failed, undefined 
3562.442077, fetch failed, undefined 
3562.3776650000004, fetch failed, undefined 
3562.2853090000003, fetch failed, undefined 
3563.0758809999998, fetch failed, undefined 
3562.299059, fetch failed, undefined 
3562.0765, fetch failed, undefined 
3561.985392, fetch failed, undefined 
3561.8605500000003, fetch failed, undefined 
3561.7497570000005, fetch failed, undefined 
3561.662051, fetch failed, undefined 
3561.3600749999996, fetch failed, undefined 
3561.238156, fetch failed, undefined 
3561.1395409999996, fetch failed, undefined 
3560.958061, fetch failed, undefined 
3560.8343739999996, fetch failed, undefined 
3560.754215, fetch failed, undefined 
3560.813973, fetch failed, undefined 
3560.3775060000003, fetch failed, undefined 
3561.080331, fetch failed, undefined 
3560.490788, fetch failed, undefined 
3561.181238, fetch failed, undefined 
3561.0144310000005, fetch failed, undefined 
3560.946879, fetch failed, undefined 
3560.872907, fetch failed, undefined 
3560.6200590000003, fetch failed, undefined 
3560.9072739999997, fetch failed, undefined 
3560.676749, fetch failed, undefined 
3560.588563, fetch failed, undefined 
3560.502508, fetch failed, undefined 
3560.3792080000003, fetch failed, undefined 
3560.4890499999997, fetch failed, undefined 
3560.5841910000004, fetch failed, undefined 
3561.1567929999997, fetch failed, undefined 
3560.6481750000003, fetch failed, undefined 
3560.450115, fetch failed, undefined 
3560.1406140000004, fetch failed, undefined 
3560.0384449999997, fetch failed, undefined 
3559.9461490000003, fetch failed, undefined 
3560.6381890000002, fetch failed, undefined 
3559.9696820000004, fetch failed, undefined 
3559.4289269999995, fetch failed, undefined 
3559.798411, fetch failed, undefined 
3559.1043509999995, fetch failed, undefined 
3559.553998, fetch failed, undefined 
3558.963106, fetch failed, undefined 
3559.3762519999996, fetch failed, undefined 
3559.1192899999996, fetch failed, undefined 
3559.0429280000003, fetch failed, undefined 
3558.9092989999995, fetch failed, undefined 
3558.528829, fetch failed, undefined 
3558.857768, fetch failed, undefined 
3558.5192989999996, fetch failed, undefined 
3558.409163, fetch failed, undefined 
3558.300728, fetch failed, undefined 
3558.2043849999995, fetch failed, undefined 
3558.104883, fetch failed, undefined 
3558.023199, fetch failed, undefined 
3557.9413369999997, fetch failed, undefined 
3557.6412359999995, fetch failed, undefined 
3557.939441, fetch failed, undefined 
3557.45469, fetch failed, undefined 
3557.743806, fetch failed, undefined 
3557.4513629999997, fetch failed, undefined 
3557.154701, fetch failed, undefined 
3556.8648839999996, fetch failed, undefined 
3557.628076, fetch failed, undefined 
3556.601264, fetch failed, undefined 
3556.909602, fetch failed, undefined 
3556.3590099999997, fetch failed, undefined 
3556.228475, fetch failed, undefined 
3556.0717740000005, fetch failed, undefined 
3555.933909, fetch failed, undefined 
3555.6096910000006, fetch failed, undefined 
3555.479331, fetch failed, undefined 
3555.3590119999994, fetch failed, undefined 
3555.2481449999996, fetch failed, undefined 
3555.14568, fetch failed, undefined 
3555.0584110000004, fetch failed, undefined 
3554.9699619999997, fetch failed, undefined 
3554.695939, fetch failed, undefined 
3554.604144, fetch failed, undefined 
3555.0998879999997, fetch failed, undefined 
3554.6323629999997, fetch failed, undefined 
3554.551444, fetch failed, undefined 
3554.346028, fetch failed, undefined 
3554.321996, fetch failed, undefined 
3554.2107150000006, fetch failed, undefined 
3554.123259, fetch failed, undefined 
3554.056641, fetch failed, undefined 
3553.770909, fetch failed, undefined 
3554.055117, fetch failed, undefined 
3553.7794779999995, fetch failed, undefined 
3553.6899670000003, fetch failed, undefined 
3553.5244359999997, fetch failed, undefined 
3552.798391, fetch failed, undefined 
3552.666664, fetch failed, undefined 
3553.47599, fetch failed, undefined 
3552.2160389999995, fetch failed, undefined 
3552.7390200000004, fetch failed, undefined 
3552.1008640000005, fetch failed, undefined 
3551.9671490000005, fetch failed, undefined 
3551.6357329999996, fetch failed, undefined 
3551.9979370000005, fetch failed, undefined 
3551.107312, fetch failed, undefined 
3551.7358969999996, fetch failed, undefined 
3551.400615, fetch failed, undefined 
3551.0265839999997, fetch failed, undefined 
3550.895955, fetch failed, undefined 
3550.800936, fetch failed, undefined 
3550.8000440000005, fetch failed, undefined 
3550.3315759999996, fetch failed, undefined 
3550.8286719999996, fetch failed, undefined 
3550.1384019999996, fetch failed, undefined 
3549.943892, fetch failed, undefined 
3549.74994, fetch failed, undefined 
3549.437276, fetch failed, undefined 
3549.745542, fetch failed, undefined 
3549.2812519999998, fetch failed, undefined 
3549.065282, fetch failed, undefined 
3548.908504, fetch failed, undefined 
3548.7936889999996, fetch failed, undefined 
3549.2762109999994, fetch failed, undefined 
3549.1250239999995, fetch failed, undefined 
3548.936781, fetch failed, undefined 
3548.8899500000007, fetch failed, undefined 
3548.3592700000004, fetch failed, undefined 
3549.554003, fetch failed, undefined 
3550.616035, fetch failed, undefined 
3550.7171280000002, fetch failed, undefined 
3550.5824150000003, fetch failed, undefined 
3550.0839699999997, fetch failed, undefined 
3550.491405, fetch failed, undefined 
3549.9438200000004, fetch failed, undefined 
3549.377344, fetch failed, undefined 
3549.9152010000003, fetch failed, undefined 
3549.531754, fetch failed, undefined 
3549.520429, fetch failed, undefined 
3549.672442, fetch failed, undefined 
3549.5771339999997, fetch failed, undefined 
3549.4433010000002, fetch failed, undefined 
3548.997176, fetch failed, undefined 
3549.348033, fetch failed, undefined 
3548.9599080000003, fetch failed, undefined 
3548.8454389999997, fetch failed, undefined 
3548.532354, fetch failed, undefined 
3548.8333709999997, fetch failed, undefined 
3548.2504910000002, fetch failed, undefined 
3548.613482, fetch failed, undefined 
3547.99643, fetch failed, undefined 
3548.3034040000002, fetch failed, undefined 
3548.1011000000003, fetch failed, undefined 
3548.2382050000006, fetch failed, undefined 
3548.0361799999996, fetch failed, undefined 
3548.4962340000006, fetch failed, undefined 
3547.8766320000004, fetch failed, undefined 
3548.3383599999997, fetch failed, undefined 
3547.6171230000004, fetch failed, undefined 
3547.9216659999997, fetch failed, undefined 
3547.3783449999996, fetch failed, undefined 
3547.69074, fetch failed, undefined 
3547.3805150000003, fetch failed, undefined 
3547.2804060000003, fetch failed, undefined 
3547.18071, fetch failed, undefined 
3547.100732, fetch failed, undefined 
3547.0057010000005, fetch failed, undefined 
3546.9148720000003, fetch failed, undefined 
3546.8181379999996, fetch failed, undefined 
3546.7352579999997, fetch failed, undefined 
3546.6321019999996, fetch failed, undefined 
3546.547364, fetch failed, undefined 
3546.298304, fetch failed, undefined 
3546.2095689999996, fetch failed, undefined 
3546.6783199999995, fetch failed, undefined 
3546.2663000000002, fetch failed, undefined 
3546.1883639999996, fetch failed, undefined 
3546.211456, fetch failed, undefined 
3546.143586, fetch failed, undefined 
3546.0595209999997, fetch failed, undefined 
3545.969334, fetch failed, undefined 
3545.8812820000003, fetch failed, undefined 
3545.804617, fetch failed, undefined 
3545.441282, fetch failed, undefined 
3545.8087989999995, fetch failed, undefined 
3545.36616, fetch failed, undefined 
3545.222221, fetch failed, undefined 
3545.0489769999995, fetch failed, undefined 
3544.7329659999996, fetch failed, undefined 
3545.02637, fetch failed, undefined 
3544.715082, fetch failed, undefined 
3544.4157199999995, fetch failed, undefined 
3544.7020089999996, fetch failed, undefined 
3544.38127, fetch failed, undefined 
3545.4510429999996, fetch failed, undefined 
3545.1727010000004, fetch failed, undefined 
3545.48322, fetch failed, undefined 
3545.176869, fetch failed, undefined 
3544.8804689999997, fetch failed, undefined 
3545.352669, fetch failed, undefined 
3545.066447, fetch failed, undefined 
3544.9618629999995, fetch failed, undefined 
3544.8559160000004, fetch failed, undefined 
3544.477106, fetch failed, undefined 
3544.2945799999998, fetch failed, undefined 
3544.937899, fetch failed, undefined 
3543.8421999999996, fetch failed, undefined 
3544.3396329999996, fetch failed, undefined 
3543.2335630000002, fetch failed, undefined 
3543.674287, fetch failed, undefined 
3543.2545210000003, fetch failed, undefined 
3543.6556630000005, fetch failed, undefined 
3543.4217080000003, fetch failed, undefined 
3543.7666050000003, fetch failed, undefined 
3543.318236, fetch failed, undefined 
3543.670759, fetch failed, undefined 
3543.2351459999995, fetch failed, undefined 
3543.5541430000003, fetch failed, undefined 
3543.2541889999998, fetch failed, undefined 
3543.156593, fetch failed, undefined 
3542.852269, fetch failed, undefined 
3543.150403, fetch failed, undefined 
3542.6449439999997, fetch failed, undefined 
3542.94789, fetch failed, undefined 
3542.6331809999997, fetch failed, undefined 
3542.547843, fetch failed, undefined 
3542.441935, fetch failed, undefined 
3542.749737, fetch failed, undefined 
3542.5070840000003, fetch failed, undefined 
3542.8269299999997, fetch failed, undefined 
3542.324067, fetch failed, undefined 
3542.627282, fetch failed, undefined 
3542.106787, fetch failed, undefined 
3542.4219769999995, fetch failed, undefined 
3542.0389120000004, fetch failed, undefined 
3543.71323, fetch failed, undefined 
3544.1715980000004, fetch failed, undefined 
3543.9528470000005, fetch failed, undefined 
3543.699312, fetch failed, undefined 
3544.0079839999994, fetch failed, undefined 
3543.5208900000002, fetch failed, undefined 
3543.397647, fetch failed, undefined 
3543.9229700000005, fetch failed, undefined 
3543.2032600000002, fetch failed, undefined 
3543.496998, fetch failed, undefined 
3543.2181539999997, fetch failed, undefined 
3542.927503, fetch failed, undefined 
3542.97975, fetch failed, undefined 
3542.9538560000005, fetch failed, undefined 
3543.6240639999996, fetch failed, undefined 
3542.982064, fetch failed, undefined 
3542.709451, fetch failed, undefined 
3542.998064, fetch failed, undefined 
3542.713317, fetch failed, undefined 
3542.2852489999996, fetch failed, undefined 
3542.1591219999996, fetch failed, undefined 
3542.7082790000004, fetch failed, undefined 
3542.1385849999997, fetch failed, undefined 
3541.7966370000004, fetch failed, undefined 
3541.6870710000003, fetch failed, undefined 
3542.201459, fetch failed, undefined 
3541.6855180000002, fetch failed, undefined 
3541.3569339999995, fetch failed, undefined 
3541.6662789999996, fetch failed, undefined 
3541.341974, fetch failed, undefined 
3541.4917299999997, fetch failed, undefined 
3541.3995899999995, fetch failed, undefined 
3541.3140290000006, fetch failed, undefined 
3540.798204, fetch failed, undefined 
3541.3205989999997, fetch failed, undefined 
3540.48488, fetch failed, undefined 
3540.3560380000004, fetch failed, undefined 
3540.9051539999996, fetch failed, undefined 
3540.3396499999994, fetch failed, undefined 
3540.2098170000004, fetch failed, undefined 
3540.099517, fetch failed, undefined 
3539.7775990000005, fetch failed, undefined 
3540.086795, fetch failed, undefined 
3539.7698420000006, fetch failed, undefined 
3539.1395460000003, fetch failed, undefined 
3539.5138839999995, fetch failed, undefined 
3539.1054000000004, fetch failed, undefined 
3538.341967, fetch failed, undefined 
3538.8301079999997, fetch failed, undefined 
3538.130529, fetch failed, undefined 
3538.5173539999996, fetch failed, undefined 
3537.9458090000003, fetch failed, undefined 
3537.677242, fetch failed, undefined 
3537.442661, fetch failed, undefined 
3537.2710039999997, fetch failed, undefined 
3536.9423639999995, fetch failed, undefined 
3536.7513810000005, fetch failed, undefined 
3536.573403, fetch failed, undefined 
3536.458228, fetch failed, undefined 
3537.529516, fetch failed, undefined 
3536.4309900000003, fetch failed, undefined 
3536.0757080000003, fetch failed, undefined 
3536.4597609999996, fetch failed, undefined 
3536.1548510000002, fetch failed, undefined 
3536.1310280000002, fetch failed, undefined 
3536.0549830000004, fetch failed, undefined 
3535.9686919999995, fetch failed, undefined 
3535.811723, fetch failed, undefined 
3535.6947999999998, fetch failed, undefined 
3535.4108880000003, fetch failed, undefined 
3535.6877809999996, fetch failed, undefined 
3535.2070309999995, fetch failed, undefined 
3535.494315, fetch failed, undefined 
3535.202296, fetch failed, undefined 
3534.9603140000004, fetch failed, undefined 
3534.6559880000004, fetch failed, undefined 
3533.910801, fetch failed, undefined 
3534.473975, fetch failed, undefined 
3533.8373909999996, fetch failed, undefined 
3533.807063, fetch failed, undefined 
3534.184011, fetch failed, undefined 
3533.8584760000003, fetch failed, undefined 
3533.755831, fetch failed, undefined 
3533.6651349999997, fetch failed, undefined 
3533.299146, fetch failed, undefined 
3533.6532290000005, fetch failed, undefined 
3533.1317129999998, fetch failed, undefined 
3532.6398160000003, fetch failed, undefined 
3532.496417, fetch failed, undefined 
3533.110775, fetch failed, undefined 
3532.084342, fetch failed, undefined 
3532.4831829999994, fetch failed, undefined 
3531.99395, fetch failed, undefined 
3531.467899, fetch failed, undefined 
3531.9427160000005, fetch failed, undefined 
3531.352433, fetch failed, undefined 
3531.1696330000004, fetch failed, undefined 
3530.78028, fetch failed, undefined 
3531.119038, fetch failed, undefined 
3530.784707, fetch failed, undefined 
3530.5021899999997, fetch failed, undefined 
3530.114656, fetch failed, undefined 
3530.4376599999996, fetch failed, undefined 
3530.09877, fetch failed, undefined 
3529.960061, fetch failed, undefined 
3529.7771479999997, fetch failed, undefined 
3529.6644869999996, fetch failed, undefined 
3529.546831, fetch failed, undefined 
3509.807309, fetch failed, undefined 
3510.499651, fetch failed, undefined 
3509.06793, fetch failed, undefined 
3508.61243, fetch failed, undefined 
3508.1039260000002, fetch failed, undefined 
3507.764805, fetch failed, undefined 
3507.356785, fetch failed, undefined 
3507.2590630000004, fetch failed, undefined 
3507.146329, fetch failed, undefined 
3506.9986830000003, fetch failed, undefined 
3506.888694, fetch failed, undefined 
3506.920505, fetch failed, undefined 
3506.5675560000004, fetch failed, undefined 
3508.4279380000003, fetch failed, undefined 
3506.4622969999996, fetch failed, undefined 
3506.327501, fetch failed, undefined 
3506.0100119999997, fetch failed, undefined 
3505.455588, fetch failed, undefined 
3505.0497299999997, fetch failed, undefined 
3504.8645149999998, fetch failed, undefined 
3504.620792, fetch failed, undefined 
3504.544895, fetch failed, undefined 
3504.525466, fetch failed, undefined 
3504.9902440000005, fetch failed, undefined 
3504.7906730000004, fetch failed, undefined 
3504.7221929999996, fetch failed, undefined 
3504.6384379999995, fetch failed, undefined 
3504.3928459999997, fetch failed, undefined 
3504.2469570000003, fetch failed, undefined 
3503.758929, fetch failed, undefined 
3504.148376, fetch failed, undefined 
3503.573132, fetch failed, undefined 
3503.887172, fetch failed, undefined 
3503.219659, fetch failed, undefined 
3503.671836, fetch failed, undefined 
3503.206879, fetch failed, undefined 
3502.8052540000003, fetch failed, undefined 
3503.1026919999995, fetch failed, undefined 
3502.8085009999995, fetch failed, undefined 
3502.615275, fetch failed, undefined 
3501.8594599999997, fetch failed, undefined 
3501.2800629999997, fetch failed, undefined 
3502.538331, fetch failed, undefined 
3501.0573980000004, fetch failed, undefined 
3500.862671, fetch failed, undefined 
3500.1612539999996, fetch failed, undefined 
3499.2008710000005, fetch failed, undefined 
3499.5832819999996, fetch failed, undefined 
3498.9491730000004, fetch failed, undefined 
3499.266192, fetch failed, undefined 
3498.56062, fetch failed, undefined 
3498.9265539999997, fetch failed, undefined 
3498.5365559999996, fetch failed, undefined 
3498.4272560000004, fetch failed, undefined 
3498.3365280000003, fetch failed, undefined 
3497.9730299999997, fetch failed, undefined 
3497.8415079999995, fetch failed, undefined 
3497.5459469999996, fetch failed, undefined 
3497.8293839999997, fetch failed, undefined 
3497.4506680000004, fetch failed, undefined 
3497.320313, fetch failed, undefined 
3497.004178, fetch failed, undefined 
3497.293504, fetch failed, undefined 
3496.997227, fetch failed, undefined 
3496.505724, fetch failed, undefined 
3496.9378500000003, fetch failed, undefined 
3496.714731, fetch failed, undefined 
3496.5230340000003, fetch failed, undefined 
3496.035672, fetch failed, undefined 
3496.379203, fetch failed, undefined 
3495.5865729999996, fetch failed, undefined 
3496.017637, fetch failed, undefined 
3495.5375179999996, fetch failed, undefined 
3495.021541, fetch failed, undefined 
3495.449764, fetch failed, undefined 
3494.9395939999995, fetch failed, undefined 
3494.7299340000004, fetch failed, undefined 
3494.607993, fetch failed, undefined 
3494.5055899999998, fetch failed, undefined 
3494.3801609999996, fetch failed, undefined 
3494.236278, fetch failed, undefined 
3493.8322259999995, fetch failed, undefined 
3494.1902520000003, fetch failed, undefined 
3493.788944, fetch failed, undefined 
3493.6624640000005, fetch failed, undefined 
3493.5665710000003, fetch failed, undefined 
3493.4745679999996, fetch failed, undefined 
3493.3803449999996, fetch failed, undefined 
3492.8250899999994, fetch failed, undefined 
3493.347328, fetch failed, undefined 
3492.7869909999995, fetch failed, undefined 
3492.4475530000004, fetch failed, undefined 
3491.976551, fetch failed, undefined 
3492.383766, fetch failed, undefined 
3491.7870460000004, fetch failed, undefined 
3491.4768040000004, fetch failed, undefined 
3490.9552019999996, fetch failed, undefined 
3490.581949, fetch failed, undefined 
3490.0788500000003, fetch failed, undefined 
3490.509334, fetch failed, undefined 
3490.0602469999994, fetch failed, undefined 
3489.9364880000003, fetch failed, undefined 
3489.8308999999995, fetch failed, undefined 
3489.170252, fetch failed, undefined 
3489.8453689999997, fetch failed, undefined 
3488.7569649999996, fetch failed, undefined 
3489.1089669999997, fetch failed, undefined 
3488.44497, fetch failed, undefined 
3488.851666, fetch failed, undefined 
3488.4050890000003, fetch failed, undefined 
3488.2777419999998, fetch failed, undefined 
3488.176788, fetch failed, undefined 
3488.0732960000005, fetch failed, undefined 
3487.7391679999996, fetch failed, undefined 
3488.06733, fetch failed, undefined 
3487.740766, fetch failed, undefined 
3487.6294489999996, fetch failed, undefined 
3487.381794, fetch failed, undefined 
3487.2267409999995, fetch failed, undefined 
3487.0140719999995, fetch failed, undefined 
3486.8089550000004, fetch failed, undefined 
3486.6684899999996, fetch failed, undefined 
3486.4967989999996, fetch failed, undefined 
3486.38974, fetch failed, undefined 
3486.0898280000006, fetch failed, undefined 
3486.4294760000002, fetch failed, undefined 
3486.090368, fetch failed, undefined 
3485.561662, fetch failed, undefined 
3485.386921, fetch failed, undefined 
3485.05253, fetch failed, undefined 
3485.3536440000003, fetch failed, undefined 
3484.8594080000003, fetch failed, undefined 
3485.1493200000004, fetch failed, undefined 
3484.6948480000005, fetch failed, undefined 
3484.9635670000002, fetch failed, undefined 
3484.6402160000002, fetch failed, undefined 
3484.43881, fetch failed, undefined 
3483.9793440000003, fetch failed, undefined 
3484.30539, fetch failed, undefined 
3483.7805919999996, fetch failed, undefined 
3484.2114220000003, fetch failed, undefined 
3483.663713, fetch failed, undefined 
3483.9572829999997, fetch failed, undefined 
3491.4985850000003, fetch failed, undefined 
3491.486051, fetch failed, undefined 
3490.975819, fetch failed, undefined 
3491.334965, fetch failed, undefined 
3490.9561339999996, fetch failed, undefined 
3490.640791, fetch failed, undefined 
3490.929744, fetch failed, undefined 
3490.6657240000004, fetch failed, undefined 
3490.5233799999996, fetch failed, undefined 
3490.1582869999997, fetch failed, undefined 
3490.4845710000004, fetch failed, undefined 
3490.0500909999996, fetch failed, undefined 
3489.7923889999997, fetch failed, undefined 
3489.5385560000004, fetch failed, undefined 
3489.355116, fetch failed, undefined 
3489.019955, fetch failed, undefined 
3488.8201010000002, fetch failed, undefined 
3488.6836740000003, fetch failed, undefined 
3488.564101, fetch failed, undefined 
3487.6322880000002, fetch failed, undefined 
3487.981564, fetch failed, undefined 
3487.5990289999995, fetch failed, undefined 
3487.3288660000003, fetch failed, undefined 
3487.132851, fetch failed, undefined 
3486.9497859999997, fetch failed, undefined 
3486.886695, fetch failed, undefined 
3486.838641, fetch failed, undefined 
3486.9993180000006, fetch failed, undefined 
3486.926159, fetch failed, undefined 
3486.6617549999996, fetch failed, undefined 
3486.9580709999996, fetch failed, undefined 
3486.519333, fetch failed, undefined 
3486.8004519999995, fetch failed, undefined 
3486.526965, fetch failed, undefined 
3486.267116, fetch failed, undefined 
3486.5410829999996, fetch failed, undefined 
3486.137465, fetch failed, undefined 
3486.4280919999997, fetch failed, undefined 
3485.7628469999995, fetch failed, undefined 
3486.0452360000004, fetch failed, undefined 
3485.484833, fetch failed, undefined 
3485.85362, fetch failed, undefined 
3485.4010719999997, fetch failed, undefined 
3485.2796209999997, fetch failed, undefined 
3485.015744, fetch failed, undefined 
3484.8944190000007, fetch failed, undefined 
3484.457865, fetch failed, undefined 
3484.816898, fetch failed, undefined 
3484.0366129999998, fetch failed, undefined 
3484.398351, fetch failed, undefined 
3483.7390909999995, fetch failed, undefined 
3484.037659, fetch failed, undefined 
3483.539232, fetch failed, undefined 
3483.854068, fetch failed, undefined 
3483.557326, fetch failed, undefined 
3483.278982, fetch failed, undefined 
3483.5619200000006, fetch failed, undefined 
3483.2778120000003, fetch failed, undefined 
3483.195532, fetch failed, undefined 
3483.095273, fetch failed, undefined 
3482.7386329999995, fetch failed, undefined 
3483.1099209999998, fetch failed, undefined 
3482.6524369999997, fetch failed, undefined 
3482.5235410000005, fetch failed, undefined 
3482.422948, fetch failed, undefined 
3482.163029, fetch failed, undefined 
3482.010723, fetch failed, undefined 
3481.891104, fetch failed, undefined 
3481.79159, fetch failed, undefined 
3481.704892, fetch failed, undefined 
3481.6037340000003, fetch failed, undefined 
3481.2895829999998, fetch failed, undefined 
3481.606614, fetch failed, undefined 
3481.076017, fetch failed, undefined 
3481.367881, fetch failed, undefined 
3481.070579, fetch failed, undefined 
3480.7817689999997, fetch failed, undefined 
3481.143401, fetch failed, undefined 
3480.6754419999997, fetch failed, undefined 
3481.0594300000002, fetch failed, undefined 
3480.3455740000004, fetch failed, undefined 
3480.7322169999998, fetch failed, undefined 
3480.2316229999997, fetch failed, undefined 
3480.0342399999995, fetch failed, undefined 
3479.9554359999997, fetch failed, undefined 
3479.856318, fetch failed, undefined 
3479.746797, fetch failed, undefined 
3479.649686, fetch failed, undefined 
3479.4403930000003, fetch failed, undefined 
3479.2952619999996, fetch failed, undefined 
3478.997448, fetch failed, undefined 
3479.301064, fetch failed, undefined 
3478.988706, fetch failed, undefined 
3478.8879119999997, fetch failed, undefined 
3478.3182640000005, fetch failed, undefined 
3478.6860920000004, fetch failed, undefined 
3478.2228959999998, fetch failed, undefined 
3477.8838360000004, fetch failed, undefined 
3478.186885, fetch failed, undefined 
3477.7039470000004, fetch failed, undefined 
3477.9970419999995, fetch failed, undefined 
3477.898074, fetch failed, undefined 
3478.0160169999995, fetch failed, undefined 
3478.476519, fetch failed, undefined 
3478.109669, fetch failed, undefined 
3478.3993849999997, fetch failed, undefined 
3477.957265, fetch failed, undefined 
3478.2459000000003, fetch failed, undefined 
3477.9759769999996, fetch failed, undefined 
3477.4294790000004, fetch failed, undefined 
3477.9840679999998, fetch failed, undefined 
3477.263476, fetch failed, undefined 
3476.956753, fetch failed, undefined 
3477.115044, fetch failed, undefined 
3477.0086659999997, fetch failed, undefined 
3476.915848, fetch failed, undefined 
3476.6425849999996, fetch failed, undefined 
3476.201207, fetch failed, undefined 
3476.592606, fetch failed, undefined 
3476.1239559999995, fetch failed, undefined 
3475.79168, fetch failed, undefined 
3475.3149949999997, fetch failed, undefined 
3475.7333039999994, fetch failed, undefined 
3475.0855629999996, fetch failed, undefined 
3475.3720200000002, fetch failed, undefined 
3474.784605, fetch failed, undefined 
3475.0848760000003, fetch failed, undefined 
3474.7104059999997, fetch failed, undefined 
3474.4813599999998, fetch failed, undefined 
3474.28698, fetch failed, undefined 
3474.0929559999995, fetch failed, undefined 
3473.9408489999996, fetch failed, undefined 
3473.8408640000002, fetch failed, undefined 
3473.556359, fetch failed, undefined 
3473.8510939999996, fetch failed, undefined 
3473.3958979999998, fetch failed, undefined 
3473.6766390000003, fetch failed, undefined 
3473.1303730000004, fetch failed, undefined 
3472.6575660000003, fetch failed, undefined 
3473.0541319999998, fetch failed, undefined 
3471.983493, fetch failed, undefined 
3472.719089, fetch failed, undefined 
3471.9116369999997, fetch failed, undefined 
3471.724666, fetch failed, undefined 
3471.5794080000005, fetch failed, undefined 
3471.462132, fetch failed, undefined 
3471.356611, fetch failed, undefined 
3471.078624, fetch failed, undefined 
3471.385139, fetch failed, undefined 
3471.1026369999995, fetch failed, undefined 
3470.8663680000004, fetch failed, undefined 
3470.2941319999995, fetch failed, undefined 
3470.632737, fetch failed, undefined 
3470.261519, fetch failed, undefined 
3470.06208, fetch failed, undefined 
3469.8805170000005, fetch failed, undefined 
3469.246695, fetch failed, undefined 
3469.8445939999997, fetch failed, undefined 
3469.0705789999997, fetch failed, undefined 
3468.9016410000004, fetch failed, undefined 
3468.537549, fetch failed, undefined 
3468.8353409999995, fetch failed, undefined 
3468.506641, fetch failed, undefined 
3468.3126239999997, fetch failed, undefined 
3468.1994059999997, fetch failed, undefined 
3468.292405, fetch failed, undefined 
3467.6741289999995, fetch failed, undefined 
3468.2817809999997, fetch failed, undefined 
3467.575485, fetch failed, undefined 
3466.990177, fetch failed, undefined 
3466.390558, fetch failed, undefined 
3466.854195, fetch failed, undefined 
3466.33781, fetch failed, undefined 
3466.228276, fetch failed, undefined 
3465.7975239999996, fetch failed, undefined 
3466.21335, fetch failed, undefined 
3465.86144, fetch failed, undefined 
3465.4316180000005, fetch failed, undefined 
3465.2633269999997, fetch failed, undefined 
3465.279393, fetch failed, undefined 
3465.024627, fetch failed, undefined 
3465.31938, fetch failed, undefined 
3464.824243, fetch failed, undefined 
3465.149428, fetch failed, undefined 
3464.7703599999995, fetch failed, undefined 
3464.3486420000004, fetch failed, undefined 
3464.7032000000004, fetch failed, undefined 
3464.166629, fetch failed, undefined 
3464.0426949999996, fetch failed, undefined 
3463.946274, fetch failed, undefined 
3463.840887, fetch failed, undefined 
3463.4552199999994, fetch failed, undefined 
3463.8146100000004, fetch failed, undefined 
3463.3783280000002, fetch failed, undefined 
3463.2227709999997, fetch failed, undefined 
3463.0403559999995, fetch failed, undefined 
3462.4074669999995, fetch failed, undefined 
3462.9101929999997, fetch failed, undefined 
3462.00081, fetch failed, undefined 
3461.6915559999998, fetch failed, undefined 
3461.3661559999996, fetch failed, undefined 
3461.214003, fetch failed, undefined 
3461.036254, fetch failed, undefined 
3460.927033, fetch failed, undefined 
3460.812989, fetch failed, undefined 
3460.710163, fetch failed, undefined 
3460.4186219999997, fetch failed, undefined 
3460.7039059999997, fetch failed, undefined 
3460.264118, fetch failed, undefined 
3460.1250769999997, fetch failed, undefined 
3460.0153419999997, fetch failed, undefined 
3459.5026730000004, fetch failed, undefined 
3460.0105540000004, fetch failed, undefined 
3459.3775450000003, fetch failed, undefined 
3459.024605, fetch failed, undefined 
3459.3351110000003, fetch failed, undefined 
3458.3535840000004, fetch failed, undefined 
3458.846257, fetch failed, undefined 
3458.1123359999997, fetch failed, undefined 
3457.9679050000004, fetch failed, undefined 
3457.836927, fetch failed, undefined 
3457.664794, fetch failed, undefined 
3457.5727290000004, fetch failed, undefined 
3457.4705219999996, fetch failed, undefined 
3457.3771439999996, fetch failed, undefined 
3456.867523, fetch failed, undefined 
3457.398054, fetch failed, undefined 
3456.7530910000005, fetch failed, undefined 
3456.6392220000002, fetch failed, undefined 
3456.655659, fetch failed, undefined 
3456.635755, fetch failed, undefined 
3456.577964, fetch failed, undefined 
3456.491171, fetch failed, undefined 
3456.400982, fetch failed, undefined 
3456.318529, fetch failed, undefined 
3456.2394409999997, fetch failed, undefined 
3455.756361, fetch failed, undefined 
3456.1919070000004, fetch failed, undefined 
3455.710013, fetch failed, undefined 
3455.5931459999997, fetch failed, undefined 
3455.5024599999997, fetch failed, undefined 
3455.2930269999997, fetch failed, undefined 
3455.185639, fetch failed, undefined 
3455.0910999999996, fetch failed, undefined 
3455.00114, fetch failed, undefined 
3454.9206209999998, fetch failed, undefined 
3454.8206619999996, fetch failed, undefined 
3454.74588, fetch failed, undefined 
3454.662902, fetch failed, undefined 
3454.5893739999997, fetch failed, undefined 
3454.4970229999994, fetch failed, undefined 
3454.401681, fetch failed, undefined 
3454.0685139999996, fetch failed, undefined 
3454.417812, fetch failed, undefined 
3454.037298, fetch failed, undefined 
3453.936295, fetch failed, undefined 
3453.765406, fetch failed, undefined 
3453.569779, fetch failed, undefined 
3453.7570039999996, fetch failed, undefined 
3453.291795, fetch failed, undefined 
3453.952208, fetch failed, undefined 
3453.45252, fetch failed, undefined 
3453.370707, fetch failed, undefined 
3453.4059129999996, fetch failed, undefined 
3453.4282380000004, fetch failed, undefined 
3453.368991, fetch failed, undefined 
3452.937035, fetch failed, undefined 
3453.288669, fetch failed, undefined 
3452.85577, fetch failed, undefined 
3452.659401, fetch failed, undefined 
3452.5293269999997, fetch failed, undefined 
3452.5148980000004, fetch failed, undefined 
3452.4743419999995, fetch failed, undefined 
3452.369367, fetch failed, undefined 
3452.2203880000006, fetch failed, undefined 
3451.8229719999995, fetch failed, undefined 
3451.7058060000004, fetch failed, undefined 
3452.233773, fetch failed, undefined 
3451.5555019999997, fetch failed, undefined 
3451.381914, fetch failed, undefined 
3451.0038909999994, fetch failed, undefined 
3450.787258, fetch failed, undefined 
3450.635399, fetch failed, undefined 
3450.284607, fetch failed, undefined 
3449.6661360000003, fetch failed, undefined 
3450.2183040000004, fetch failed, undefined 
3449.56398, fetch failed, undefined 
3435.5377690000005, fetch failed, undefined 
3434.511982, fetch failed, undefined 
3433.6349929999997, fetch failed, undefined 
3434.0961850000003, fetch failed, undefined 
3433.36435, fetch failed, undefined 
3432.811697, fetch failed, undefined 
3433.1376460000006, fetch failed, undefined 
3432.3427089999996, fetch failed, undefined 
3432.7973509999997, fetch failed, undefined 
3432.1794189999996, fetch failed, undefined 
3432.074886, fetch failed, undefined 
3432.700138, fetch failed, undefined 
3432.072072, fetch failed, undefined 
3431.979919, fetch failed, undefined 
3431.880367, fetch failed, undefined 
3431.7949180000005, fetch failed, undefined 
3431.687523, fetch failed, undefined 
3431.5285729999996, fetch failed, undefined 
3431.1163380000003, fetch failed, undefined 
3431.4521959999997, fetch failed, undefined 
3431.1090179999997, fetch failed, undefined 
3430.990515, fetch failed, undefined 
3430.497937, fetch failed, undefined 
3430.871293, fetch failed, undefined 
3430.2753860000003, fetch failed, undefined 
3430.574427, fetch failed, undefined 
3430.254617, fetch failed, undefined 
3430.032886, fetch failed, undefined 
3430.004038, fetch failed, undefined 
3429.743753, fetch failed, undefined 
3430.1456569999996, fetch failed, undefined 
3429.48681, fetch failed, undefined 
3429.421116, fetch failed, undefined 
3430.0664020000004, fetch failed, undefined 
3429.2092480000006, fetch failed, undefined 
3429.56051, fetch failed, undefined 
3428.779898, fetch failed, undefined 
3429.316401, fetch failed, undefined 
3428.2959539999997, fetch failed, undefined 
3428.1520330000003, fetch failed, undefined 
3428.77911, fetch failed, undefined 
3428.127079, fetch failed, undefined 
3428.0213390000004, fetch failed, undefined 
3427.9259620000003, fetch failed, undefined 
3427.825193, fetch failed, undefined 
3427.528062, fetch failed, undefined 
3427.433225, fetch failed, undefined 
3427.917511, fetch failed, undefined 
3427.3502880000005, fetch failed, undefined 
3427.671616, fetch failed, undefined 
3427.4002290000003, fetch failed, undefined 
3427.3147750000003, fetch failed, undefined 
3427.228044, fetch failed, undefined 
3426.9470359999996, fetch failed, undefined 
3427.233493, fetch failed, undefined 
3426.758202, fetch failed, undefined 
3427.052425, fetch failed, undefined 
3426.763266, fetch failed, undefined 
3426.684535, fetch failed, undefined 
3426.4016600000004, fetch failed, undefined 
3426.6931189999996, fetch failed, undefined 
3426.405525, fetch failed, undefined 
3425.895215, fetch failed, undefined 
3425.3519, fetch failed, undefined 
3425.759878, fetch failed, undefined 
3425.264054, fetch failed, undefined 
3424.889146, fetch failed, undefined 
3424.6361879999995, fetch failed, undefined 
3424.135142, fetch failed, undefined 
3424.4926969999997, fetch failed, undefined 
3424.133716, fetch failed, undefined 
3423.7754059999997, fetch failed, undefined 
3423.4151460000003, fetch failed, undefined 
3423.317455, fetch failed, undefined 
3423.822893, fetch failed, undefined 
3422.811322, fetch failed, undefined 
3423.1864240000004, fetch failed, undefined 
3422.5066679999995, fetch failed, undefined 
3422.899923, fetch failed, undefined 
3422.2456210000005, fetch failed, undefined 
3422.831532, fetch failed, undefined 
3422.322311, fetch failed, undefined 
3422.642666, fetch failed, undefined 
3422.162709, fetch failed, undefined 
3422.4675160000006, fetch failed, undefined 
3422.100365, fetch failed, undefined 
3421.989595, fetch failed, undefined 
3421.7036800000005, fetch failed, undefined 
3421.990524, fetch failed, undefined 
3421.5840789999997, fetch failed, undefined 
3421.962011, fetch failed, undefined 
3421.2457999999997, fetch failed, undefined 
3421.5732909999997, fetch failed, undefined 
3421.019721, fetch failed, undefined 
3421.3196000000003, fetch failed, undefined 
3420.6573589999994, fetch failed, undefined 
3421.2159369999995, fetch failed, undefined 
3420.599211, fetch failed, undefined 
3420.4781, fetch failed, undefined 
3420.0655669999996, fetch failed, undefined 
3419.712425, fetch failed, undefined 
3419.083566, fetch failed, undefined 
3419.4565399999997, fetch failed, undefined 
3419.0047090000003, fetch failed, undefined 
3418.85493, fetch failed, undefined 
3418.750024, fetch failed, undefined 
3418.6387950000003, fetch failed, undefined 
3418.5464369999995, fetch failed, undefined 
3418.4514119999994, fetch failed, undefined 
3418.1666689999997, fetch failed, undefined 
3418.9343900000003, fetch failed, undefined 
3419.0476529999996, fetch failed, undefined 
3419.5359919999996, fetch failed, undefined 
3419.107902, fetch failed, undefined 
3419.4059230000003, fetch failed, undefined 
3419.147209, fetch failed, undefined 
3419.061919, fetch failed, undefined 
3418.9799429999994, fetch failed, undefined 
3418.990842, fetch failed, undefined 
3418.8726709999996, fetch failed, undefined 
3418.7819600000003, fetch failed, undefined 
3418.4250859999997, fetch failed, undefined 
3418.8057189999995, fetch failed, undefined 
3418.257271, fetch failed, undefined 
3418.5449980000003, fetch failed, undefined 
3418.120114, fetch failed, undefined 
3417.7894929999998, fetch failed, undefined 
3417.896225, fetch failed, undefined 
3417.7786450000003, fetch failed, undefined 
3417.0795169999997, fetch failed, undefined 
3417.6455159999996, fetch failed, undefined 
3417.0157259999996, fetch failed, undefined 
3416.890058, fetch failed, undefined 
3416.7540249999997, fetch failed, undefined 
3416.645543, fetch failed, undefined 
3416.539182, fetch failed, undefined 
3416.153138, fetch failed, undefined 
3416.5407550000004, fetch failed, undefined 
3416.116469, fetch failed, undefined 
3415.771343, fetch failed, undefined 
3416.079213, fetch failed, undefined 
3415.888052, fetch failed, undefined 
3415.6305079999997, fetch failed, undefined 
3415.9351520000005, fetch failed, undefined 
3415.410089, fetch failed, undefined 
3415.0455540000003, fetch failed, undefined 
3415.363563, fetch failed, undefined 
3415.049356, fetch failed, undefined 
3414.948693, fetch failed, undefined 
3414.8086, fetch failed, undefined 
3414.496421, fetch failed, undefined 
3414.7905309999996, fetch failed, undefined 
3414.4120440000006, fetch failed, undefined 
3414.187233, fetch failed, undefined 
3413.7412630000003, fetch failed, undefined 
3414.049501, fetch failed, undefined 
3413.71716, fetch failed, undefined 
3413.4898639999997, fetch failed, undefined 
3412.8668089999996, fetch failed, undefined 
3413.296299, fetch failed, undefined 
3412.844303, fetch failed, undefined 
3412.0894920000005, fetch failed, undefined 
3412.438455, fetch failed, undefined 
3411.9043680000004, fetch failed, undefined 
3411.6664669999996, fetch failed, undefined 
3411.6317860000004, fetch failed, undefined 
3411.212882, fetch failed, undefined 
3411.623589, fetch failed, undefined 
3410.989441, fetch failed, undefined 
3410.9096680000002, fetch failed, undefined 
3410.810591, fetch failed, undefined 
3409.8478489999998, fetch failed, undefined 
3410.2541949999995, fetch failed, undefined 
3409.8072850000003, fetch failed, undefined 
3409.4963700000003, fetch failed, undefined 
3409.82479, fetch failed, undefined 
3409.396649, fetch failed, undefined 
3409.828254, fetch failed, undefined 
3409.4137450000003, fetch failed, undefined 
3409.1184240000002, fetch failed, undefined 
3409.4276800000002, fetch failed, undefined 
3409.132918, fetch failed, undefined 
3408.663623, fetch failed, undefined 
3409.138948, fetch failed, undefined 
3408.211613, fetch failed, undefined 
3408.071894, fetch failed, undefined 
3407.428682, fetch failed, undefined 
3407.804348, fetch failed, undefined 
3407.4404440000003, fetch failed, undefined 
3407.0655529999995, fetch failed, undefined 
3407.454374, fetch failed, undefined 
3406.778128, fetch failed, undefined 
3407.127814, fetch failed, undefined 
3406.7878619999997, fetch failed, undefined 
3406.3440590000005, fetch failed, undefined 
3406.7892810000003, fetch failed, undefined 
3406.3145630000004, fetch failed, undefined 
3406.0113470000006, fetch failed, undefined 
3406.311856, fetch failed, undefined 
3405.97782, fetch failed, undefined 
3405.671006, fetch failed, undefined 
3405.569495, fetch failed, undefined 
3406.084279, fetch failed, undefined 
3405.495342, fetch failed, undefined 
3405.3893940000003, fetch failed, undefined 
3405.917487, fetch failed, undefined 
3405.228503, fetch failed, undefined 
3405.098043, fetch failed, undefined 
3404.8335439999996, fetch failed, undefined 
3404.6401530000003, fetch failed, undefined 
3404.452787, fetch failed, undefined 
3404.12976, fetch failed, undefined 
3404.4371599999995, fetch failed, undefined 
3404.135099, fetch failed, undefined 
3404.039207, fetch failed, undefined 
3403.886004, fetch failed, undefined 
3403.789937, fetch failed, undefined 
3403.410984, fetch failed, undefined 
3403.1939400000006, fetch failed, undefined 
3403.9938060000004, fetch failed, undefined 
3403.1934199999996, fetch failed, undefined 
3403.094115, fetch failed, undefined 
3403.0052140000003, fetch failed, undefined 
3402.8952590000004, fetch failed, undefined 
3402.4433539999995, fetch failed, undefined 
3402.8931039999998, fetch failed, undefined 
3402.170573, fetch failed, undefined 
3402.4886870000005, fetch failed, undefined 
3402.149986, fetch failed, undefined 
3401.9788129999997, fetch failed, undefined 
3401.3865990000004, fetch failed, undefined 
3401.7943040000005, fetch failed, undefined 
3401.392389, fetch failed, undefined 
3401.2980829999997, fetch failed, undefined 
3401.206219, fetch failed, undefined 
3400.841291, fetch failed, undefined 
3401.2358829999994, fetch failed, undefined 
3400.3978540000003, fetch failed, undefined 
3400.8557680000004, fetch failed, undefined 
3400.3621049999997, fetch failed, undefined 
3399.9318730000005, fetch failed, undefined 
3399.8012609999996, fetch failed, undefined 
3399.6006789999997, fetch failed, undefined 
3400.550071, fetch failed, undefined 
3399.711359, fetch failed, undefined 
3399.22665, fetch failed, undefined 
3399.0540249999995, fetch failed, undefined 
3398.3465140000003, fetch failed, undefined 
3397.684621, fetch failed, undefined 
3398.9683299999997, fetch failed, undefined 
3397.331901, fetch failed, undefined 
3397.3584370000003, fetch failed, undefined 
3398.177609, fetch failed, undefined 
3397.8885609999998, fetch failed, undefined 
3397.661884, fetch failed, undefined 
3397.504831, fetch failed, undefined 
3397.238556, fetch failed, undefined 
3398.1984260000004, fetch failed, undefined 
3396.9082460000004, fetch failed, undefined 
3396.8145759999998, fetch failed, undefined 
3397.3381189999996, fetch failed, undefined 
3396.7104499999996, fetch failed, undefined 
3396.3688759999995, fetch failed, undefined 
3396.145423, fetch failed, undefined 
3396.786036, fetch failed, undefined 
3395.8633210000003, fetch failed, undefined 
3396.2758249999997, fetch failed, undefined 
3395.9746160000004, fetch failed, undefined 
3395.871578, fetch failed, undefined 
3395.7858169999995, fetch failed, undefined 
3395.69611, fetch failed, undefined 
3395.410597, fetch failed, undefined 
3395.7097139999996, fetch failed, undefined 
3395.237911, fetch failed, undefined 
3395.0882479999996, fetch failed, undefined 
3394.967563, fetch failed, undefined 
3394.6108550000004, fetch failed, undefined 
3394.5686389999996, fetch failed, undefined 
3395.1471449999995, fetch failed, undefined 
3394.589006, fetch failed, undefined 
3394.5852969999996, fetch failed, undefined 
3394.4393559999994, fetch failed, undefined 
3394.325781, fetch failed, undefined 
3394.1899129999997, fetch failed, undefined 
3394.0915940000004, fetch failed, undefined 
3393.775111, fetch failed, undefined 
3393.693355, fetch failed, undefined 
3393.6016489999997, fetch failed, undefined 
3393.374087, fetch failed, undefined 
3394.383852, fetch failed, undefined 
3393.2875630000003, fetch failed, undefined 
3393.1444869999996, fetch failed, undefined 
3392.932062, fetch failed, undefined 
3392.594593, fetch failed, undefined 
3392.910453, fetch failed, undefined 
3392.493328, fetch failed, undefined 
3392.4097339999994, fetch failed, undefined 
3392.310361, fetch failed, undefined 
3391.9333020000004, fetch failed, undefined 
3391.776338, fetch failed, undefined 
3392.481992, fetch failed, undefined 
3391.8542390000002, fetch failed, undefined 
3391.807694, fetch failed, undefined 
3391.7657299999996, fetch failed, undefined 
3391.5353149999996, fetch failed, undefined 
3391.867488, fetch failed, undefined 
3390.2098220000003, fetch failed, undefined 
3391.659097, fetch failed, undefined 
3389.109587, fetch failed, undefined 
3387.941778, fetch failed, undefined 
3385.546386, fetch failed, undefined 
3386.251955, fetch failed, undefined 
3384.4242719999997, fetch failed, undefined 
3381.5952109999994, fetch failed, undefined 
3380.977062, fetch failed, undefined 
3380.3652919999995, fetch failed, undefined 
3379.607327, fetch failed, undefined 
3380.163989, fetch failed, undefined 
3379.071036, fetch failed, undefined 
3378.5267630000003, fetch failed, undefined 
3378.3074830000005, fetch failed, undefined 
3379.1072480000003, fetch failed, undefined 
3378.063577, fetch failed, undefined 
3378.396098, fetch failed, undefined 
3375.9719320000004, fetch failed, undefined 
3374.6907109999997, fetch failed, undefined 
3374.1122389999996, fetch failed, undefined 
3373.7182239999997, fetch failed, undefined 
3372.1306449999997, fetch failed, undefined 
3371.6308419999996, fetch failed, undefined 
3371.4237490000005, fetch failed, undefined 
3371.271489, fetch failed, undefined 
3371.134538, fetch failed, undefined 
3371.0274449999997, fetch failed, undefined 
3370.9593599999994, fetch failed, undefined 
3370.5181920000005, fetch failed, undefined 
3369.7378889999995, fetch failed, undefined 
3370.324331, fetch failed, undefined 
3367.8229659999997, fetch failed, undefined 
3368.5234459999997, fetch failed, undefined 
3367.6897729999996, fetch failed, undefined 
3367.559383, fetch failed, undefined 
3367.2166809999994, fetch failed, undefined 
3367.5543780000003, fetch failed, undefined 
3367.1850719999998, fetch failed, undefined 
3367.028633, fetch failed, undefined 
3366.677534, fetch failed, undefined 
3366.540058, fetch failed, undefined 
3365.9921560000003, fetch failed, undefined 
3366.5309489999995, fetch failed, undefined 
3366.2676460000002, fetch failed, undefined 
3365.8582039999997, fetch failed, undefined 
3366.2533299999996, fetch failed, undefined 
3365.369589, fetch failed, undefined 
3365.747721, fetch failed, undefined 
3364.8880970000005, fetch failed, undefined 
3362.2287189999997, fetch failed, undefined 
3362.971355, fetch failed, undefined 
3362.0036830000004, fetch failed, undefined 
3361.817759, fetch failed, undefined 
3361.205697, fetch failed, undefined 
3360.971111, fetch failed, undefined 
3360.4715450000003, fetch failed, undefined 
3359.475445, fetch failed, undefined 
3360.21457, fetch failed, undefined 
3359.410094, fetch failed, undefined 
3358.529134, fetch failed, undefined 
3359.3390529999997, fetch failed, undefined 
3356.5486710000005, fetch failed, undefined 
3355.897805, fetch failed, undefined 
3355.338921, fetch failed, undefined 
3354.8393760000004, fetch failed, undefined 
3354.6304370000003, fetch failed, undefined 
3354.567299, fetch failed, undefined 
3354.231795, fetch failed, undefined 
3354.725605, fetch failed, undefined 
3354.1858219999995, fetch failed, undefined 
3353.4173560000004, fetch failed, undefined 
3353.1936539999997, fetch failed, undefined 
3353.793318, fetch failed, undefined 
3353.408764, fetch failed, undefined 
3351.536702, fetch failed, undefined 
3350.0442130000006, fetch failed, undefined 
3349.321258, fetch failed, undefined 
3348.416305, fetch failed, undefined 
3348.8565049999997, fetch failed, undefined 
3347.939448, fetch failed, undefined 
3344.1224310000002, fetch failed, undefined 
3346.032335, fetch failed, undefined 
3342.2107949999995, fetch failed, undefined 
3343.280851, fetch failed, undefined 
3339.524661, fetch failed, undefined 
3337.0193020000006, fetch failed, undefined 
3340.438693, fetch failed, undefined 
3334.301055, fetch failed, undefined 
3333.3188250000003, fetch failed, undefined 
3332.3228870000003, fetch failed, undefined 
3331.0668960000003, fetch failed, undefined 
3329.321009, fetch failed, undefined 
3328.902075, fetch failed, undefined 
3328.587892, fetch failed, undefined 
3327.964758, fetch failed, undefined 
3328.4364889999997, fetch failed, undefined 
3327.879913, fetch failed, undefined 
3327.7136050000004, fetch failed, undefined 
3327.586037, fetch failed, undefined 
3327.1341580000003, fetch failed, undefined 
3327.5652710000004, fetch failed, undefined 
3326.5880949999996, fetch failed, undefined 
3327.166639, fetch failed, undefined 
3326.313402, fetch failed, undefined 
3326.8894870000004, fetch failed, undefined 
3324.9650490000004, fetch failed, undefined 
3326.446804, fetch failed, undefined 
3324.3546180000003, fetch failed, undefined 
3323.6384359999997, fetch failed, undefined 
3323.2338860000004, fetch failed, undefined 
3322.409614, fetch failed, undefined 
3322.005423, fetch failed, undefined 
3321.40321, fetch failed, undefined 
3321.126579, fetch failed, undefined 
3320.9449320000003, fetch failed, undefined 
3320.801945, fetch failed, undefined 
3320.5985610000002, fetch failed, undefined 
3320.2890570000004, fetch failed, undefined 
3320.063109, fetch failed, undefined 
3319.6385109999997, fetch failed, undefined 
3319.3317939999997, fetch failed, undefined 
3318.583032, fetch failed, undefined 
3319.146613, fetch failed, undefined 
3318.277873, fetch failed, undefined 
3317.1675910000004, fetch failed, undefined 
3316.809669, fetch failed, undefined 
3316.6285820000003, fetch failed, undefined 
3306.465025, fetch failed, undefined 
3304.945569, fetch failed, undefined 
3302.3848909999997, fetch failed, undefined 
3301.0003920000004, fetch failed, undefined 
3299.798023, fetch failed, undefined 
3299.4488089999995, fetch failed, undefined 
3300.776546, fetch failed, undefined 
3298.934184, fetch failed, undefined 
3299.6587599999993, fetch failed, undefined 
3297.768276, fetch failed, undefined 
3295.506773, fetch failed, undefined 
3292.612985, fetch failed, undefined 
3292.023505, fetch failed, undefined 
3291.029354, fetch failed, undefined 
3290.009368, fetch failed, undefined 
3294.8365750000003, fetch failed, undefined 
3288.271294, fetch failed, undefined 
3287.624241, fetch failed, undefined 
3287.136383, fetch failed, undefined 
3288.185768, fetch failed, undefined 
3286.820841, fetch failed, undefined 
3286.5187319999995, fetch failed, undefined 
3285.925696, fetch failed, undefined 
3285.4109270000004, fetch failed, undefined 
3285.77874, fetch failed, undefined 
3284.7676909999996, fetch failed, undefined 
3285.1139070000004, fetch failed, undefined 
3284.3548539999997, fetch failed, undefined 
3284.833007, fetch failed, undefined 
3284.265361, fetch failed, undefined 
3284.146277, fetch failed, undefined 
3283.505133, fetch failed, undefined 
3281.494142, fetch failed, undefined 
3281.2088630000003, fetch failed, undefined 
3280.9257220000004, fetch failed, undefined 
3280.5586609999996, fetch failed, undefined 
3280.3849819999996, fetch failed, undefined 
3279.6161080000006, fetch failed, undefined 
3279.982786, fetch failed, undefined 
3279.5671850000003, fetch failed, undefined 
3279.2498830000004, fetch failed, undefined 
3277.5170339999995, fetch failed, undefined 
3278.1823019999997, fetch failed, undefined 
3275.2285440000005, fetch failed, undefined 
3275.9208869999998, fetch failed, undefined 
3275.1426469999997, fetch failed, undefined 
3274.8763599999997, fetch failed, undefined 
3274.636012, fetch failed, undefined 
3273.749505, fetch failed, undefined 
3274.516741, fetch failed, undefined 
3273.679795, fetch failed, undefined 
3272.906064, fetch failed, undefined 
3273.623167, fetch failed, undefined 
3272.4364719999994, fetch failed, undefined 
3272.7918919999997, fetch failed, undefined 
3272.4225779999997, fetch failed, undefined 
3271.423811, fetch failed, undefined 
3271.8949310000003, fetch failed, undefined 
3270.910559, fetch failed, undefined 
3271.4235660000004, fetch failed, undefined 
3270.865238, fetch failed, undefined 
3270.676081, fetch failed, undefined 
3270.239368, fetch failed, undefined 
3269.4858959999997, fetch failed, undefined 
3269.1545710000005, fetch failed, undefined 
3268.390611, fetch failed, undefined 
3268.749462, fetch failed, undefined 
3268.254474, fetch failed, undefined 
3267.7388819999996, fetch failed, undefined 
3268.069614, fetch failed, undefined 
3267.6954129999995, fetch failed, undefined 
3267.2688070000004, fetch failed, undefined 
3267.113345, fetch failed, undefined 
3266.6198099999997, fetch failed, undefined 
3267.0706549999995, fetch failed, undefined 
3266.578569, fetch failed, undefined 
3385.4517720000003, fetch failed, undefined 
3385.980775, fetch failed, undefined 
3385.25485, fetch failed, undefined 
3384.035485, fetch failed, undefined 
3381.993095, fetch failed, undefined 
3380.9432469999997, fetch failed, undefined 
3381.7734419999997, fetch failed, undefined 
3380.6571759999997, fetch failed, undefined 
3380.469681, fetch failed, undefined 
3380.324511, fetch failed, undefined 
3380.0171389999996, fetch failed, undefined 
3379.8786450000002, fetch failed, undefined 
3379.7368189999997, fetch failed, undefined 
3379.436464, fetch failed, undefined 
3379.284773, fetch failed, undefined 
3379.1465630000002, fetch failed, undefined 
3379.068771, fetch failed, undefined 
3378.7330749999996, fetch failed, undefined 
3379.0734990000005, fetch failed, undefined 
3378.3221590000003, fetch failed, undefined 
3378.1325250000004, fetch failed, undefined 
3378.0986319999997, fetch failed, undefined 
3377.4555319999995, fetch failed, undefined 
3378.010916, fetch failed, undefined 
3377.4536359999997, fetch failed, undefined 
3368.7468759999997, fetch failed, undefined 
3377.437771, fetch failed, undefined 
3368.4419800000005, fetch failed, undefined 
3368.2408489999993, fetch failed, undefined 
3368.212637, fetch failed, undefined 
3368.122184, fetch failed, undefined 
3368.020297, fetch failed, undefined 
3367.494894, fetch failed, undefined 
3367.9984759999998, fetch failed, undefined 
3367.2242300000003, fetch failed, undefined 
3367.5421890000002, fetch failed, undefined 
3367.2074289999996, fetch failed, undefined 
3366.887324, fetch failed, undefined 
3366.779553, fetch failed, undefined 
3366.61144, fetch failed, undefined 
3367.3852179999994, fetch failed, undefined 
3366.37133, fetch failed, undefined 
3366.8041399999997, fetch failed, undefined 
3366.5172869999997, fetch failed, undefined 
3366.3977519999994, fetch failed, undefined 
3366.034185, fetch failed, undefined 
3366.3613880000003, fetch failed, undefined 
3365.554307, fetch failed, undefined 
3365.922726, fetch failed, undefined 
3365.3058640000004, fetch failed, undefined 
3365.6133130000003, fetch failed, undefined 
3365.2842619999997, fetch failed, undefined 
3364.958338, fetch failed, undefined 
3364.8122179999996, fetch failed, undefined 
3364.5455650000004, fetch failed, undefined 
3364.1706550000004, fetch failed, undefined 
3364.4927890000004, fetch failed, undefined 
3364.160546, fetch failed, undefined 
3364.0433600000006, fetch failed, undefined 
3363.580274, fetch failed, undefined 
3363.876832, fetch failed, undefined 
3363.3747770000004, fetch failed, undefined 
3363.6738680000003, fetch failed, undefined 
3363.3773489999994, fetch failed, undefined 
3363.2730039999997, fetch failed, undefined 
3363.1771469999994, fetch failed, undefined 
3362.692285, fetch failed, undefined 
3363.0335659999996, fetch failed, undefined 
3362.470794, fetch failed, undefined 
3362.7779769999997, fetch failed, undefined 
3362.4602120000004, fetch failed, undefined 
3362.3483290000004, fetch failed, undefined 
3362.24758, fetch failed, undefined 
3362.2468929999995, fetch failed, undefined 
3362.1713600000003, fetch failed, undefined 
3362.075405, fetch failed, undefined 
3361.8488319999997, fetch failed, undefined 
3361.6255850000002, fetch failed, undefined 
3360.957275, fetch failed, undefined 
3360.5224399999997, fetch failed, undefined 
3360.0634339999997, fetch failed, undefined 
3360.422941, fetch failed, undefined 
3359.6226439999996, fetch failed, undefined 
3360.027909, fetch failed, undefined 
3359.641076, fetch failed, undefined 
3359.562032, fetch failed, undefined 
3359.02088, fetch failed, undefined 
3358.784978, fetch failed, undefined 
3358.658755, fetch failed, undefined 
3358.5474579999996, fetch failed, undefined 
3358.2315109999995, fetch failed, undefined 
3358.625633, fetch failed, undefined 
3357.8463009999996, fetch failed, undefined 
3357.7306730000005, fetch failed, undefined 
3358.298403, fetch failed, undefined 
3357.7417899999996, fetch failed, undefined 
3357.64041, fetch failed, undefined 
3357.5335090000003, fetch failed, undefined 
3357.0957949999997, fetch failed, undefined 
3357.5320060000004, fetch failed, undefined 
3355.5456790000003, fetch failed, undefined 
3355.3832979999997, fetch failed, undefined 
3356.13614, fetch failed, undefined 
3355.0121659999995, fetch failed, undefined 
3353.4505649999996, fetch failed, undefined 
3354.671578, fetch failed, undefined 
3353.2637569999997, fetch failed, undefined 
3352.940771, fetch failed, undefined 
3352.003417, fetch failed, undefined 
3352.5038930000005, fetch failed, undefined 
3351.7414939999994, fetch failed, undefined 
3350.812918, fetch failed, undefined 
3346.3707890000005, fetch failed, undefined 
3349.6844499999997, fetch failed, undefined 
3344.6963630000005, fetch failed, undefined 
3344.113998, fetch failed, undefined 
3341.9824959999996, fetch failed, undefined 
3344.6239240000004, fetch failed, undefined 
3341.462343, fetch failed, undefined 
3341.8461140000004, fetch failed, undefined 
3340.8443700000003, fetch failed, undefined 
3341.3931820000003, fetch failed, undefined 
3340.625907, fetch failed, undefined 
3340.466716, fetch failed, undefined 
3340.0613339999995, fetch failed, undefined 
3340.370362, fetch failed, undefined 
3338.85395, fetch failed, undefined 
3338.327821, fetch failed, undefined 
3338.8178060000005, fetch failed, undefined 
3337.929331, fetch failed, undefined 
3338.5119680000003, fetch failed, undefined 
3337.775586, fetch failed, undefined 
3338.100657, fetch failed, undefined 
3337.7967930000004, fetch failed, undefined 
3337.732121, fetch failed, undefined 
3337.6450849999997, fetch failed, undefined 
3337.5602980000003, fetch failed, undefined 
3337.4688960000003, fetch failed, undefined 
3337.1634459999996, fetch failed, undefined 
3337.470317, fetch failed, undefined 
3337.1653880000003, fetch failed, undefined 
3336.872555, fetch failed, undefined 
3337.1723, fetch failed, undefined 
3336.5614499999997, fetch failed, undefined 
3336.9177489999997, fetch failed, undefined 
3336.156755, fetch failed, undefined 
3336.652725, fetch failed, undefined 
3336.1157, fetch failed, undefined 
3336.0007719999994, fetch failed, undefined 
3335.864018, fetch failed, undefined 
3335.5395519999997, fetch failed, undefined 
3334.507153, fetch failed, undefined 
3333.982404, fetch failed, undefined 
3333.3826559999998, fetch failed, undefined 
3333.172725, fetch failed, undefined 
3333.9456869999995, fetch failed, undefined 
3333.1411739999994, fetch failed, undefined 
3332.9433860000004, fetch failed, undefined 
3332.7661620000003, fetch failed, undefined 
3332.323415, fetch failed, undefined 
3332.688185, fetch failed, undefined 
3332.151774, fetch failed, undefined 
3332.461786, fetch failed, undefined 
3331.954536, fetch failed, undefined 
3332.2557189999998, fetch failed, undefined 
3331.5998640000003, fetch failed, undefined 
3331.9878430000003, fetch failed, undefined 
3331.565743, fetch failed, undefined 
3331.450058, fetch failed, undefined 
3331.3365529999996, fetch failed, undefined 
3330.8908010000005, fetch failed, undefined 
3331.446143, fetch failed, undefined 
3331.117856, fetch failed, undefined 
3330.995199, fetch failed, undefined 
3330.8909839999997, fetch failed, undefined 
3330.7948650000003, fetch failed, undefined 
3330.5063499999997, fetch failed, undefined 
3330.793791, fetch failed, undefined 
3330.5203650000003, fetch failed, undefined 
3330.5108950000003, fetch failed, undefined 
3330.4534839999997, fetch failed, undefined 
3330.201748, fetch failed, undefined 
3330.1126379999996, fetch failed, undefined 
3330.5861239999995, fetch failed, undefined 
3330.1291499999998, fetch failed, undefined 
3330.046353, fetch failed, undefined 
3329.967199, fetch failed, undefined 
3329.702899, fetch failed, undefined 
3329.9863259999997, fetch failed, undefined 
3329.282552, fetch failed, undefined 
3329.815497, fetch failed, undefined 
3329.31241, fetch failed, undefined 
3328.383398, fetch failed, undefined 
3328.953981, fetch failed, undefined 
3327.6434099999997, fetch failed, undefined 
3327.4744440000004, fetch failed, undefined 
3327.120385, fetch failed, undefined 
3327.456748, fetch failed, undefined 
3327.038414, fetch failed, undefined 
3326.8819120000003, fetch failed, undefined 
3326.7669730000002, fetch failed, undefined 
3326.6586039999997, fetch failed, undefined 
3326.550971, fetch failed, undefined 
3326.449521, fetch failed, undefined 
3326.1641970000005, fetch failed, undefined 
3326.4527399999997, fetch failed, undefined 
3326.1661359999994, fetch failed, undefined 
3325.856404, fetch failed, undefined 
3326.183418, fetch failed, undefined 
3323.8571020000004, fetch failed, undefined 
3323.5457330000004, fetch failed, undefined 
3323.194464, fetch failed, undefined 
3323.499506, fetch failed, undefined 
3323.181641, fetch failed, undefined 
3323.072561, fetch failed, undefined 
3322.971187, fetch failed, undefined 
3322.9572120000003, fetch failed, undefined 
3322.328585, fetch failed, undefined 
3321.988866, fetch failed, undefined 
3322.3045799999995, fetch failed, undefined 
3321.9884230000002, fetch failed, undefined 
3321.8825260000003, fetch failed, undefined 
3321.6340210000003, fetch failed, undefined 
3321.321992, fetch failed, undefined 
3321.142161, fetch failed, undefined 
3320.9127169999997, fetch failed, undefined 
3320.7636130000005, fetch failed, undefined 
3320.6352650000003, fetch failed, undefined 
3320.4928760000003, fetch failed, undefined 
3320.4044569999996, fetch failed, undefined 
3320.299239, fetch failed, undefined 
3320.1447049999997, fetch failed, undefined 
3320.1193110000004, fetch failed, undefined 
3320.028043, fetch failed, undefined 
3319.93012, fetch failed, undefined 
3319.8369370000005, fetch failed, undefined 
3319.3535610000004, fetch failed, undefined 
3319.8475700000004, fetch failed, undefined 
3319.2777570000003, fetch failed, undefined 
3318.894959, fetch failed, undefined 
3319.2308829999997, fetch failed, undefined 
3318.804535, fetch failed, undefined 
3318.488659, fetch failed, undefined 
3318.3311679999997, fetch failed, undefined 
3318.210012, fetch failed, undefined 
3317.585765, fetch failed, undefined 
3317.4357509999995, fetch failed, undefined 
3317.1819440000004, fetch failed, undefined 
3318.138694, fetch failed, undefined 
3317.1465929999995, fetch failed, undefined 
3316.989457, fetch failed, undefined 
3316.787059, fetch failed, undefined 
3317.122809, fetch failed, undefined 
3316.623675, fetch failed, undefined 
3316.929035, fetch failed, undefined 
3316.573562, fetch failed, undefined 
3315.709158, fetch failed, undefined 
3316.2373989999996, fetch failed, undefined 
3315.2973220000003, fetch failed, undefined 
3315.887694, fetch failed, undefined 
3313.836717, fetch failed, undefined 
3314.376637, fetch failed, undefined 
3313.75384, fetch failed, undefined 
3313.6239040000005, fetch failed, undefined 
3313.139998, fetch failed, undefined 
3312.8949150000003, fetch failed, undefined 
3312.609676, fetch failed, undefined 
3310.85335, fetch failed, undefined 
3310.6470360000003, fetch failed, undefined 
3310.214298, fetch failed, undefined 
3310.530501, fetch failed, undefined 
3310.1930509999997, fetch failed, undefined 
3309.887405, fetch failed, undefined 
3309.439544, fetch failed, undefined 
3309.773416, fetch failed, undefined 
3309.4282209999997, fetch failed, undefined 
3309.070173, fetch failed, undefined 
3309.0012070000002, fetch failed, undefined 
3308.696453, fetch failed, undefined 
3308.430665, fetch failed, undefined 
3308.930831, fetch failed, undefined 
3308.496751, fetch failed, undefined 
3308.4959240000003, fetch failed, undefined 
3308.4525790000002, fetch failed, undefined 
3308.2870000000003, fetch failed, undefined 
3307.825572, fetch failed, undefined 
3307.5753790000003, fetch failed, undefined 
3307.3558479999997, fetch failed, undefined 
3308.4963580000003, fetch failed, undefined 
3307.118045, fetch failed, undefined 
3306.724602, fetch failed, undefined 
3305.1270900000004, fetch failed, undefined 
3305.951913, fetch failed, undefined 
3304.885827, fetch failed, undefined 
3304.706654, fetch failed, undefined 
3304.4712680000002, fetch failed, undefined 
3304.287495, fetch failed, undefined 
3304.2430990000003, fetch failed, undefined 
3303.929596, fetch failed, undefined 
3304.287483, fetch failed, undefined 
3303.9798450000003, fetch failed, undefined 
3303.853034, fetch failed, undefined 
3303.7397789999995, fetch failed, undefined 
3303.6407939999995, fetch failed, undefined 
3303.5455660000002, fetch failed, undefined 
3303.435235, fetch failed, undefined 
3303.3320009999998, fetch failed, undefined 
3302.9710960000007, fetch failed, undefined 
3302.6921420000003, fetch failed, undefined 
3303.4198629999996, fetch failed, undefined 
3302.0717529999997, fetch failed, undefined 
3302.5616239999995, fetch failed, undefined 
3301.4819990000005, fetch failed, undefined 
3302.0418930000005, fetch failed, undefined 
3300.8345309999995, fetch failed, undefined 
3300.535276, fetch failed, undefined 
3300.35806, fetch failed, undefined 
3300.3115059999996, fetch failed, undefined 
3301.92086, fetch failed, undefined 
3300.3662640000002, fetch failed, undefined 
3300.2541110000006, fetch failed, undefined 
3300.1517759999997, fetch failed, undefined 
3299.713565, fetch failed, undefined 
3300.070673, fetch failed, undefined 
3298.8379919999998, fetch failed, undefined 
3297.741882, fetch failed, undefined 
3296.411717, fetch failed, undefined 
3294.910798, fetch failed, undefined 
3292.057963, fetch failed, undefined 
3290.571856, fetch failed, undefined 
3294.1016769999997, fetch failed, undefined 
3289.232488, fetch failed, undefined 
3287.1797200000005, fetch failed, undefined 
3285.6498079999997, fetch failed, undefined 
3284.643753, fetch failed, undefined 
3281.6983679999994, fetch failed, undefined 
3283.733048, fetch failed, undefined 
3280.1820279999997, fetch failed, undefined 
3279.4141699999996, fetch failed, undefined 
3278.5998280000003, fetch failed, undefined 
3277.0073289999996, fetch failed, undefined 
3274.885282, fetch failed, undefined 
3276.049524, fetch failed, undefined 
3273.263012, fetch failed, undefined 
3274.3026060000007, fetch failed, undefined 
3271.114264, fetch failed, undefined 
3272.66587, fetch failed, undefined 
3270.398103, fetch failed, undefined 
3269.648155, fetch failed, undefined 
3268.56459, fetch failed, undefined 
3267.5777420000004, fetch failed, undefined 
3266.7388650000003, fetch failed, undefined 
3264.253934, fetch failed, undefined 
3265.4740159999997, fetch failed, undefined 
3263.536319, fetch failed, undefined 
3262.545266, fetch failed, undefined 
3259.1363169999995, fetch failed, undefined 
3261.315932, fetch failed, undefined 
3258.426256, fetch failed, undefined 
3257.70067, fetch failed, undefined 
3256.8715720000005, fetch failed, undefined 
3255.420903, fetch failed, undefined 
3256.2975910000005, fetch failed, undefined 
3253.350791, fetch failed, undefined 
3252.901497, fetch failed, undefined 
3254.836249, fetch failed, undefined 
3252.489101, fetch failed, undefined 
3251.196234, fetch failed, undefined 
3252.5118760000005, fetch failed, undefined 
3248.678815, fetch failed, undefined 
3250.263336, fetch failed, undefined 
3247.3547700000004, fetch failed, undefined 
3244.5380159999995, fetch failed, undefined 
3246.551365, fetch failed, undefined 
3243.64802, fetch failed, undefined 
3243.1925189999997, fetch failed, undefined 
3242.253387, fetch failed, undefined 
3241.418677, fetch failed, undefined 
3239.1230029999997, fetch failed, undefined 
3240.4674260000006, fetch failed, undefined 
3238.948856, fetch failed, undefined 
3238.110755, fetch failed, undefined 
3237.294601, fetch failed, undefined 
3236.292211, fetch failed, undefined 
3235.5185140000003, fetch failed, undefined 
3234.450613, fetch failed, undefined 
3233.4362109999997, fetch failed, undefined 
3232.3138739999995, fetch failed, undefined 
3230.828712, fetch failed, undefined 
3231.6702589999995, fetch failed, undefined 
3228.722241, fetch failed, undefined 
3229.8276889999997, fetch failed, undefined 
3227.9063250000004, fetch failed, undefined 
3227.008005, fetch failed, undefined 
3226.2106660000004, fetch failed, undefined 
3225.5258150000004, fetch failed, undefined 
3223.247943, fetch failed, undefined 
3222.367595, fetch failed, undefined 
3224.506239, fetch failed, undefined 
3220.4880829999997, fetch failed, undefined 
3221.4474630000004, fetch failed, undefined 
3219.246957, fetch failed, undefined 
3217.687429, fetch failed, undefined 
3216.904955, fetch failed, undefined 
3216.1982690000004, fetch failed, undefined 
3215.309113, fetch failed, undefined 
3214.2840459999998, fetch failed, undefined 
3212.888533, fetch failed, undefined 
3212.1810539999997, fetch failed, undefined 
3211.673011, fetch failed, undefined 
3211.1363280000005, fetch failed, undefined 
3210.6647550000002, fetch failed, undefined 
3210.7381050000004, fetch failed, undefined 
3209.531604, fetch failed, undefined 
3208.2145410000003, fetch failed, undefined 
3207.597816, fetch failed, undefined 
3209.142374, fetch failed, undefined 
3206.94652, fetch failed, undefined 
3206.12816, fetch failed, undefined 
3204.22199, fetch failed, undefined 
3203.5367549999996, fetch failed, undefined 
3202.317046, fetch failed, undefined 
3203.1885890000003, fetch failed, undefined 
3200.521823, fetch failed, undefined 
3201.5594069999997, fetch failed, undefined 
3198.5770239999997, fetch failed, undefined 
3199.703344, fetch failed, undefined 
3197.9566879999998, fetch failed, undefined 
3197.2705610000003, fetch failed, undefined 
3195.767127, fetch failed, undefined 
3196.6844239999996, fetch failed, undefined 
3193.5874080000003, fetch failed, undefined 
3194.7280450000003, fetch failed, undefined 
3192.7412670000003, fetch failed, undefined 
3190.145883, fetch failed, undefined 
3191.952109, fetch failed, undefined 
3188.998004, fetch failed, undefined 
3188.342649, fetch failed, undefined 
3187.702149, fetch failed, undefined 
3186.794636, fetch failed, undefined 
3185.995915, fetch failed, undefined 
3184.576622, fetch failed, undefined 
3182.8525520000003, fetch failed, undefined 
3183.944623, fetch failed, undefined 
3181.3907459999996, fetch failed, undefined 
3182.341043, fetch failed, undefined 
3180.2270479999997, fetch failed, undefined 
3178.6270200000004, fetch failed, undefined 
3179.7191119999998, fetch failed, undefined 
3177.8058190000006, fetch failed, undefined 
3177.055209, fetch failed, undefined 
3175.5473190000002, fetch failed, undefined 
3174.3518150000004, fetch failed, undefined 
3173.6897310000004, fetch failed, undefined 
3173.287612, fetch failed, undefined 
3172.547353, fetch failed, undefined 
3171.363339, fetch failed, undefined 
3170.212037, fetch failed, undefined 
3169.282766, fetch failed, undefined 
3168.463035, fetch failed, undefined 
3166.9429560000003, fetch failed, undefined 
3168.057998, fetch failed, undefined 
3166.176005, fetch failed, undefined 
3165.411749, fetch failed, undefined 
3163.567282, fetch failed, undefined 
3164.718416, fetch failed, undefined 
3162.8607490000004, fetch failed, undefined 
3161.970981, fetch failed, undefined 
3160.143642, fetch failed, undefined 
3159.1421889999997, fetch failed, undefined 
3158.4373579999997, fetch failed, undefined 
3156.735735, fetch failed, undefined 
3157.88586, fetch failed, undefined 
3156.1116360000005, fetch failed, undefined 
3154.339814, fetch failed, undefined 
3155.2404690000003, fetch failed, undefined 
3153.049369, fetch failed, undefined 
3153.872634, fetch failed, undefined 
3152.61387, fetch failed, undefined 
3150.8266800000006, fetch failed, undefined 
3152.0357750000003, fetch failed, undefined 
3150.2658010000005, fetch failed, undefined 
3149.426573, fetch failed, undefined 
3148.417012, fetch failed, undefined 
3147.744317, fetch failed, undefined 
3146.8843370000004, fetch failed, undefined 
3146.103809, fetch failed, undefined 
3144.1337369999997, fetch failed, undefined 
3145.1420419999995, fetch failed, undefined 
3143.4255459999995, fetch failed, undefined 
3142.50205, fetch failed, undefined 
3141.738814, fetch failed, undefined 
3141.1517489999997, fetch failed, undefined 
3140.1994159999995, fetch failed, undefined 
3138.5247690000006, fetch failed, undefined 
3139.361944, fetch failed, undefined 
3137.957038, fetch failed, undefined 
3136.0532940000003, fetch failed, undefined 
3137.26896, fetch failed, undefined 
3134.066866, fetch failed, undefined 
3135.4574820000003, fetch failed, undefined 
2824.111636, fetch failed, undefined 
2823.5966129999997, fetch failed, undefined 
2822.810455, fetch failed, undefined 
2822.125823, fetch failed, undefined 
2821.385733, fetch failed, undefined 
2820.657339, fetch failed, undefined 
2819.785851, fetch failed, undefined 
2819.02687, fetch failed, undefined 
2817.761532, fetch failed, undefined 
2816.8521700000006, fetch failed, undefined 
2816.032698, fetch failed, undefined 
2815.0167229999997, fetch failed, undefined 
2813.8959769999997, fetch failed, undefined 
2813.025272, fetch failed, undefined 
2812.312618, fetch failed, undefined 
2811.5643900000005, fetch failed, undefined 
2810.8392510000003, fetch failed, undefined 
2809.9266380000004, fetch failed, undefined 
2809.1232680000003, fetch failed, undefined 
2808.450897, fetch failed, undefined 
2807.4641629999996, fetch failed, undefined 
2806.31484, fetch failed, undefined 
2805.182999, fetch failed, undefined 
2804.157236, fetch failed, undefined 
2802.981556, fetch failed, undefined 
2802.2494039999997, fetch failed, undefined 
2801.648398, fetch failed, undefined 
2800.6076270000003, fetch failed, undefined 
2799.9127930000004, fetch failed, undefined 
2799.350685, fetch failed, undefined 
2798.815307, fetch failed, undefined 
2798.2636559999996, fetch failed, undefined 
2797.627472, fetch failed, undefined 
2796.5460310000003, fetch failed, undefined 
2795.49599, fetch failed, undefined 
2794.6703680000005, fetch failed, undefined 
2793.939968, fetch failed, undefined 
2792.9598650000003, fetch failed, undefined 
2791.861017, fetch failed, undefined 
2791.1217619999998, fetch failed, undefined 
2790.344115, fetch failed, undefined 
2789.3891690000005, fetch failed, undefined 
2788.442653, fetch failed, undefined 
2787.8210440000003, fetch failed, undefined 
2786.5754739999998, fetch failed, undefined 
2785.8418839999995, fetch failed, undefined 
2784.942836, fetch failed, undefined 
2784.015401, fetch failed, undefined 
2783.2411439999996, fetch failed, undefined 
2781.983379, fetch failed, undefined 
2781.258619, fetch failed, undefined 
2780.362981, fetch failed, undefined 
2779.350351, fetch failed, undefined 
2778.7144040000003, fetch failed, undefined 
2777.8832119999997, fetch failed, undefined 
2776.7269410000004, fetch failed, undefined 
2775.9503050000003, fetch failed, undefined 
2775.239772, fetch failed, undefined 
2774.17028, fetch failed, undefined 
2773.384257, fetch failed, undefined 
2772.3936179999996, fetch failed, undefined 
2771.63351, fetch failed, undefined 
2770.7909620000005, fetch failed, undefined 
2770.1183899999996, fetch failed, undefined 
2769.3102040000003, fetch failed, undefined 
2768.574086, fetch failed, undefined 
2767.723389, fetch failed, undefined 
2766.894585, fetch failed, undefined 
2765.765983, fetch failed, undefined 
2764.8002799999995, fetch failed, undefined 
2763.8989180000003, fetch failed, undefined 
2761.8463549999997, fetch failed, undefined 
2761.0369170000004, fetch failed, undefined 
2760.377139, fetch failed, undefined 
2759.5961060000004, fetch failed, undefined 
2758.096219, fetch failed, undefined 
2756.8730290000003, fetch failed, undefined 
2759.203395, fetch failed, undefined 
2756.065011, fetch failed, undefined 
2755.344427, fetch failed, undefined 
2754.766976, fetch failed, undefined 
2754.1724740000004, fetch failed, undefined 
2753.59898, fetch failed, undefined 
2752.810835, fetch failed, undefined 
2751.8911980000003, fetch failed, undefined 
2751.0061399999995, fetch failed, undefined 
2750.2653220000007, fetch failed, undefined 
2749.019063, fetch failed, undefined 
2747.98431, fetch failed, undefined 
2747.0624010000006, fetch failed, undefined 
2746.266293, fetch failed, undefined 
2744.5710950000002, fetch failed, undefined 
2743.837781, fetch failed, undefined 
2746.0870959999997, fetch failed, undefined 
2742.3511720000006, fetch failed, undefined 
2741.110725, fetch failed, undefined 
2740.3033969999997, fetch failed, undefined 
2739.210863, fetch failed, undefined 
2738.2442960000003, fetch failed, undefined 
2737.462535, fetch failed, undefined 
2735.292644, fetch failed, undefined 
2733.56342, fetch failed, undefined 
2732.2350820000006, fetch failed, undefined 
2731.380932, fetch failed, undefined 
2729.9490729999998, fetch failed, undefined 
2730.857241, fetch failed, undefined 
2729.4107209999997, fetch failed, undefined 
2728.4854459999997, fetch failed, undefined 
2727.6636070000004, fetch failed, undefined 
2727.020274, fetch failed, undefined 
2726.0940419999997, fetch failed, undefined 
2725.3559109999997, fetch failed, undefined 
2724.535328, fetch failed, undefined 
2723.737884, fetch failed, undefined 
2722.7539920000004, fetch failed, undefined 
2721.432647, fetch failed, undefined 
2720.478629, fetch failed, undefined 
2719.3831499999997, fetch failed, undefined 
2718.330392, fetch failed, undefined 
2717.1157869999997, fetch failed, undefined 
2716.3879059999995, fetch failed, undefined 
2715.6312470000003, fetch failed, undefined 
2714.7564190000003, fetch failed, undefined 
2713.8589930000003, fetch failed, undefined 
2713.5009829999995, fetch failed, undefined 
2712.898293, fetch failed, undefined 
2711.832576, fetch failed, undefined 
2711.1384399999997, fetch failed, undefined 
2710.4181040000003, fetch failed, undefined 
2709.5641889999997, fetch failed, undefined 
2708.7639489999997, fetch failed, undefined 
2707.7562809999995, fetch failed, undefined 
2706.646164, fetch failed, undefined 
2705.5734850000003, fetch failed, undefined 
2704.341112, fetch failed, undefined 
2703.197616, fetch failed, undefined 
2702.1258849999995, fetch failed, undefined 
2700.990874, fetch failed, undefined 
2699.5488779999996, fetch failed, undefined 
2700.3050140000005, fetch failed, undefined 
2698.560261, fetch failed, undefined 
2694.1943669999996, fetch failed, undefined 
2691.312406, fetch failed, undefined 
2690.283033, fetch failed, undefined 
2693.232145, fetch failed, undefined 
2686.5189769999997, fetch failed, undefined 
2688.5166270000004, fetch failed, undefined 
2685.1840460000003, fetch failed, undefined 
2684.1225889999996, fetch failed, undefined 
2682.9042839999997, fetch failed, undefined 
2681.1489850000003, fetch failed, undefined 
2680.046088, fetch failed, undefined 
2677.6376750000004, fetch failed, undefined 
2679.060894, fetch failed, undefined 
2675.938834, fetch failed, undefined 
2674.284308, fetch failed, undefined 
2673.241303, fetch failed, undefined 
2672.386918, fetch failed, undefined 
2671.246654, fetch failed, undefined 
2669.927077, fetch failed, undefined 
2669.21017, fetch failed, undefined 
2667.9275900000002, fetch failed, undefined 
2666.7772400000003, fetch failed, undefined 
2665.7238239999997, fetch failed, undefined 
2664.8278170000003, fetch failed, undefined 
2663.5519329999997, fetch failed, undefined 
2662.443794, fetch failed, undefined 
2661.41439, fetch failed, undefined 
2660.4923689999996, fetch failed, undefined 
2659.3255429999995, fetch failed, undefined 
2658.2733249999997, fetch failed, undefined 
2656.773646, fetch failed, undefined 
2656.009513, fetch failed, undefined 
2655.1062939999997, fetch failed, undefined 
2654.0450970000006, fetch failed, undefined 
2652.9898660000003, fetch failed, undefined 
2652.2452909999997, fetch failed, undefined 
2650.963067, fetch failed, undefined 
2650.1463030000004, fetch failed, undefined 
2649.2696579999997, fetch failed, undefined 
2648.523029, fetch failed, undefined 
2647.812624, fetch failed, undefined 
2647.1425530000006, fetch failed, undefined 
2645.7374729999997, fetch failed, undefined 
2644.375897, fetch failed, undefined 
2643.480398, fetch failed, undefined 
2642.6037499999998, fetch failed, undefined 
2641.9515870000005, fetch failed, undefined 
2640.9377520000003, fetch failed, undefined 
2638.6265829999998, fetch failed, undefined 
2640.0596170000003, fetch failed, undefined 
2636.084246, fetch failed, undefined 
2637.76755, fetch failed, undefined 
2634.6311470000005, fetch failed, undefined 
2635.442352, fetch failed, undefined 
2633.9053859999995, fetch failed, undefined 
2633.253948, fetch failed, undefined 
2632.4408300000005, fetch failed, undefined 
2631.55278, fetch failed, undefined 
2630.391043, fetch failed, undefined 
2629.170098, fetch failed, undefined 
2628.094699, fetch failed, undefined 
2627.4058820000005, fetch failed, undefined 
2626.52306, fetch failed, undefined 
2625.816755, fetch failed, undefined 
2624.90374, fetch failed, undefined 
2623.640433, fetch failed, undefined 
2622.7986209999995, fetch failed, undefined 
2621.6803659999996, fetch failed, undefined 
2620.842746, fetch failed, undefined 
2620.0819009999996, fetch failed, undefined 
2619.3742310000002, fetch failed, undefined 
2618.594759, fetch failed, undefined 
2617.7950689999993, fetch failed, undefined 
2616.193972, fetch failed, undefined 
2615.493085, fetch failed, undefined 
2614.794408, fetch failed, undefined 
2613.6353289999997, fetch failed, undefined 
2612.7305259999994, fetch failed, undefined 
2611.946115, fetch failed, undefined 
2611.120819, fetch failed, undefined 
2610.3630239999998, fetch failed, undefined 
2609.448924, fetch failed, undefined 
2608.7242710000005, fetch failed, undefined 
2607.99658, fetch failed, undefined 
2607.326954, fetch failed, undefined 
2606.5323559999997, fetch failed, undefined 
2605.8279239999997, fetch failed, undefined 
2605.197771, fetch failed, undefined 
2604.5253709999997, fetch failed, undefined 
2603.901745, fetch failed, undefined 
2603.1990419999997, fetch failed, undefined 
2602.5266129999995, fetch failed, undefined 
2601.2778660000004, fetch failed, undefined 
2600.6783880000003, fetch failed, undefined 
2600.055625, fetch failed, undefined 
2599.3245660000002, fetch failed, undefined 
2598.361586, fetch failed, undefined 
2597.518708, fetch failed, undefined 
2596.463696, fetch failed, undefined 
2595.3858789999995, fetch failed, undefined 
2594.4878459999995, fetch failed, undefined 
2593.676683, fetch failed, undefined 
2592.9023779999998, fetch failed, undefined 
2592.2296239999996, fetch failed, undefined 
2591.2056250000005, fetch failed, undefined 
2590.464344, fetch failed, undefined 
2589.6637189999997, fetch failed, undefined 
2588.892842, fetch failed, undefined 
2588.1443130000002, fetch failed, undefined 
2587.167571, fetch failed, undefined 
2585.570447, fetch failed, undefined 
2584.4475219999995, fetch failed, undefined 
2583.251648, fetch failed, undefined 
2582.204441, fetch failed, undefined 
2581.3411129999995, fetch failed, undefined 
2580.2641770000005, fetch failed, undefined 
2578.37912, fetch failed, undefined 
2579.611123, fetch failed, undefined 
2576.6633859999997, fetch failed, undefined 
2575.787759, fetch failed, undefined 
2577.6723119999997, fetch failed, undefined 
2574.8612910000006, fetch failed, undefined 
2574.155255, fetch failed, undefined 
2573.3195809999997, fetch failed, undefined 
2572.5874249999997, fetch failed, undefined 
2571.9409710000004, fetch failed, undefined 
2571.1551430000004, fetch failed, undefined 
2570.152796, fetch failed, undefined 
2569.21168, fetch failed, undefined 
2568.455784, fetch failed, undefined 
2567.535192, fetch failed, undefined 
2566.696508, fetch failed, undefined 
2565.9655179999995, fetch failed, undefined 
2564.5678789999997, fetch failed, undefined 
2563.9158540000003, fetch failed, undefined 
2563.347025, fetch failed, undefined 
2562.917675, fetch failed, undefined 
2562.4768660000004, fetch failed, undefined 
2561.9869270000004, fetch failed, undefined 
2561.3272730000003, fetch failed, undefined 
2560.566016, fetch failed, undefined 
2559.986855, fetch failed, undefined 
2559.465888, fetch failed, undefined 
2558.7951360000006, fetch failed, undefined 
2558.204331, fetch failed, undefined 
2557.3483709999996, fetch failed, undefined 
2556.6308019999997, fetch failed, undefined 
2555.5862059999995, fetch failed, undefined 
2555.28941, fetch failed, undefined 
2554.586218, fetch failed, undefined 
2553.8209110000003, fetch failed, undefined 
2552.732406, fetch failed, undefined 
2551.8177049999995, fetch failed, undefined 
2551.0172090000005, fetch failed, undefined 
2550.3004470000005, fetch failed, undefined 
2549.696728, fetch failed, undefined 
2549.081198, fetch failed, undefined 
2548.3620520000004, fetch failed, undefined 
2547.2511010000003, fetch failed, undefined 
2546.654557, fetch failed, undefined 
2545.951088, fetch failed, undefined 
2545.182249, fetch failed, undefined 
2543.7105509999997, fetch failed, undefined 
2542.449693, fetch failed, undefined 
2541.322129, fetch failed, undefined 
2540.538757, fetch failed, undefined 
2539.8583129999997, fetch failed, undefined 
2539.2429249999996, fetch failed, undefined 
2538.293626, fetch failed, undefined 
2537.0844819999998, fetch failed, undefined 
2536.2830849999996, fetch failed, undefined 
2535.678556, fetch failed, undefined 
2535.1558769999997, fetch failed, undefined 
2534.506324, fetch failed, undefined 
2533.306408, fetch failed, undefined 
2532.4567489999995, fetch failed, undefined 
2531.7226970000006, fetch failed, undefined 
2530.997259, fetch failed, undefined 
2530.333119, fetch failed, undefined 
2529.4923450000006, fetch failed, undefined 
2528.707256, fetch failed, undefined 
2527.626829, fetch failed, undefined 
2526.644422, fetch failed, undefined 
2525.732087, fetch failed, undefined 
2524.9115559999996, fetch failed, undefined 
2524.084515, fetch failed, undefined 
2521.561835, fetch failed, undefined 
2522.704691, fetch failed, undefined 
2520.544815, fetch failed, undefined 
2519.695955, fetch failed, undefined 
2519.0250129999995, fetch failed, undefined 
2517.278965, fetch failed, undefined 
2516.517704, fetch failed, undefined 
2515.927398, fetch failed, undefined 
2515.181776, fetch failed, undefined 
2514.3692220000003, fetch failed, undefined 
2512.900716, fetch failed, undefined 
2511.943803, fetch failed, undefined 
2511.1287780000002, fetch failed, undefined 
2510.1514500000003, fetch failed, undefined 
2509.338029, fetch failed, undefined 
2507.183214, fetch failed, undefined 
2506.247836, fetch failed, undefined 
2508.554139, fetch failed, undefined 
2505.1660699999998, fetch failed, undefined 
2504.5283879999997, fetch failed, undefined 
2502.2158839999997, fetch failed, undefined 
2501.4484260000004, fetch failed, undefined 
2500.5267000000003, fetch failed, undefined 
2499.2541760000004, fetch failed, undefined 
2503.840168, fetch failed, undefined 
2494.542687, fetch failed, undefined 
2496.3330539999997, fetch failed, undefined 
2491.4285589999995, fetch failed, undefined 
2489.6363570000003, fetch failed, undefined 
2488.825917, fetch failed, undefined 
2487.824646, fetch failed, undefined 
2486.502739, fetch failed, undefined 
2485.5493539999998, fetch failed, undefined 
2484.251105, fetch failed, undefined 
2483.4900849999995, fetch failed, undefined 
2482.7308460000004, fetch failed, undefined 
2491.780607, fetch failed, undefined 
2480.559982, fetch failed, undefined 
2479.7685249999995, fetch failed, undefined 
2482.0162450000003, fetch failed, undefined 
2478.6239389999996, fetch failed, undefined 
2477.917827, fetch failed, undefined 
2477.2686649999996, fetch failed, undefined 
2476.5309979999997, fetch failed, undefined 
2475.593115, fetch failed, undefined 
2474.5027850000006, fetch failed, undefined 
2473.8247260000003, fetch failed, undefined 
2471.6158739999996, fetch failed, undefined 
2470.881852, fetch failed, undefined 
2469.208232, fetch failed, undefined 
2468.40426, fetch failed, undefined 
2466.802087, fetch failed, undefined 
2470.385748, fetch failed, undefined 
2465.9854789999995, fetch failed, undefined 
2464.1015989999996, fetch failed, undefined 
2463.2832310000003, fetch failed, undefined 
2462.581117, fetch failed, undefined 
2460.524953, fetch failed, undefined 
2459.391395, fetch failed, undefined 
2458.6591929999995, fetch failed, undefined 
2456.631219, fetch failed, undefined 
2456.0325409999996, fetch failed, undefined 
2454.830246, fetch failed, undefined 
2453.620006, fetch failed, undefined 
2450.9457299999995, fetch failed, undefined 
2452.852743, fetch failed, undefined 
2449.975603, fetch failed, undefined 
2449.183091, fetch failed, undefined 
2448.561647, fetch failed, undefined 
2446.1984740000003, fetch failed, undefined 
2445.4252699999997, fetch failed, undefined 
2447.841861, fetch failed, undefined 
2435.481213, fetch failed, undefined 
2444.9420630000004, fetch failed, undefined 
2434.4812960000004, fetch failed, undefined 
2433.726658, fetch failed, undefined 
2432.965983, fetch failed, undefined 
2432.3343050000003, fetch failed, undefined 
2430.633223, fetch failed, undefined 
2429.709403, fetch failed, undefined 
2428.1584789999997, fetch failed, undefined 
2428.999778, fetch failed, undefined 
2427.752375, fetch failed, undefined 
2427.0570900000002, fetch failed, undefined 
2425.934701, fetch failed, undefined 
2424.271908, fetch failed, undefined 
2425.373082, fetch failed, undefined 
2422.8829159999996, fetch failed, undefined 
2424.0140130000004, fetch failed, undefined 
2422.2263760000005, fetch failed, undefined 
2420.6361229999998, fetch failed, undefined 
2417.944664, fetch failed, undefined 
2419.260547, fetch failed, undefined 
2417.5203170000004, fetch failed, undefined 
2416.624872, fetch failed, undefined 
2414.1952480000004, fetch failed, undefined 
2415.7526690000004, fetch failed, undefined 
2413.383344, fetch failed, undefined 
2412.7864750000003, fetch failed, undefined 
2411.221441, fetch failed, undefined 
2412.001363, fetch failed, undefined 
2410.811186, fetch failed, undefined 
2408.7530209999995, fetch failed, undefined 
2410.112724, fetch failed, undefined 
2407.0573769999996, fetch failed, undefined 
2408.074247, fetch failed, undefined 
2404.9377179999997, fetch failed, undefined 
2406.141483, fetch failed, undefined 
2403.5920960000003, fetch failed, undefined 
2404.498804, fetch failed, undefined 
2401.941989, fetch failed, undefined 
2401.1552139999994, fetch failed, undefined 
2400.1294639999996, fetch failed, undefined 
2399.286338, fetch failed, undefined 
2403.1559349999998, fetch failed, undefined 
2397.6981000000005, fetch failed, undefined 
2396.8296330000003, fetch failed, undefined 
2395.4172470000003, fetch failed, undefined 
2394.6418739999995, fetch failed, undefined 
2396.4893779999998, fetch failed, undefined 
2392.609589, fetch failed, undefined 
2393.868303, fetch failed, undefined 
2391.9822100000006, fetch failed, undefined 
2390.7794329999997, fetch failed, undefined 
2389.765121, fetch failed, undefined 
2388.0214880000003, fetch failed, undefined 
2389.1557889999995, fetch failed, undefined 
2387.211367, fetch failed, undefined 
2386.5564400000003, fetch failed, undefined 
2384.330854, fetch failed, undefined 
2385.363664, fetch failed, undefined 
2382.6925220000003, fetch failed, undefined 
2383.769587, fetch failed, undefined 
2381.894434, fetch failed, undefined 
2381.3273269999995, fetch failed, undefined 
2380.0087350000003, fetch failed, undefined 
2379.18934, fetch failed, undefined 
2376.8960660000002, fetch failed, undefined 
2377.961441, fetch failed, undefined 
2374.2692170000005, fetch failed, undefined 
2375.6418519999997, fetch failed, undefined 
2372.6023970000006, fetch failed, undefined 
2373.4722140000003, fetch failed, undefined 
2371.4104580000003, fetch failed, undefined 
2369.5931760000003, fetch failed, undefined 
2370.672577, fetch failed, undefined 
2368.905176, fetch failed, undefined 
2367.747752, fetch failed, undefined 
2366.018751, fetch failed, undefined 
2367.232343, fetch failed, undefined 
2363.5255549999997, fetch failed, undefined 
2364.600526, fetch failed, undefined 
2362.874056, fetch failed, undefined 
2362.1827020000005, fetch failed, undefined 
2359.656412, fetch failed, undefined 
2361.3594510000003, fetch failed, undefined 
2358.9528729999997, fetch failed, undefined 
2358.3326690000004, fetch failed, undefined 
2357.701328, fetch failed, undefined 
2356.055034, fetch failed, undefined 
2357.0531459999997, fetch failed, undefined 
2355.186487, fetch failed, undefined 
2354.2950180000003, fetch failed, undefined 
2353.2268339999996, fetch failed, undefined 
2352.433209, fetch failed, undefined 
2351.5126050000003, fetch failed, undefined 
2308.88158, fetch failed, undefined 
2309.7500640000003, fetch failed, undefined 
2303.872165, fetch failed, undefined 
2302.0703890000004, fetch failed, undefined 
2300.117567, fetch failed, undefined 
2298.0867679999997, fetch failed, undefined 
2296.012635, fetch failed, undefined 
2295.31604, fetch failed, undefined 
2294.5929029999998, fetch failed, undefined 
2273.15067, fetch failed, undefined 
2269.619911, fetch failed, undefined 
2267.1291939999996, fetch failed, undefined 
2263.074547, fetch failed, undefined 
2266.131578, fetch failed, undefined 
2259.628231, fetch failed, undefined 
2257.6065489999996, fetch failed, undefined 
2257.041369, fetch failed, undefined 
2256.433675, fetch failed, undefined 
2255.7733220000005, fetch failed, undefined 
2254.888933, fetch failed, undefined 
2253.8297359999997, fetch failed, undefined 
2252.451674, fetch failed, undefined 
2251.047612, fetch failed, undefined 
2250.004278, fetch failed, undefined 
2249.1850969999996, fetch failed, undefined 
2248.39889, fetch failed, undefined 
2246.983371, fetch failed, undefined 
2245.058734, fetch failed, undefined 
2244.0410699999998, fetch failed, undefined 
2243.207735, fetch failed, undefined 
2242.3238749999996, fetch failed, undefined 
2241.61096, fetch failed, undefined 
2240.8313439999997, fetch failed, undefined 
2239.7711890000005, fetch failed, undefined 
2239.010114, fetch failed, undefined 
2238.0464070000003, fetch failed, undefined 
2237.220182, fetch failed, undefined 
2236.3671839999997, fetch failed, undefined 
2235.67522, fetch failed, undefined 
2234.518279, fetch failed, undefined 
2233.694273, fetch failed, undefined 
2233.057774, fetch failed, undefined 
2232.40041, fetch failed, undefined 
2231.750703, fetch failed, undefined 
2231.2526070000004, fetch failed, undefined 
2229.36987, fetch failed, undefined 
2227.817633, fetch failed, undefined 
2226.8312489999994, fetch failed, undefined 
2226.3008729999997, fetch failed, undefined 
2225.7328770000004, fetch failed, undefined 
2224.727931, fetch failed, undefined 
2224.0073639999996, fetch failed, undefined 
2223.0740530000003, fetch failed, undefined 
2222.4132810000006, fetch failed, undefined 
2221.6691549999996, fetch failed, undefined 
2220.632317, fetch failed, undefined 
2219.971979, fetch failed, undefined 
2219.2976949999997, fetch failed, undefined 
2218.5700229999998, fetch failed, undefined 
2217.8921130000003, fetch failed, undefined 
2217.3081039999997, fetch failed, undefined 
2216.2352069999997, fetch failed, undefined 
2215.260612, fetch failed, undefined 
2214.512175, fetch failed, undefined 
2213.88277, fetch failed, undefined 
2213.134339, fetch failed, undefined 
2212.5236290000003, fetch failed, undefined 
2211.864066, fetch failed, undefined 
2211.062419, fetch failed, undefined 
2210.3909809999996, fetch failed, undefined 
2209.856494, fetch failed, undefined 
2209.351304, fetch failed, undefined 
2209.0829909999998, fetch failed, undefined 
2208.623125, fetch failed, undefined 
2208.4409709999995, fetch failed, undefined 
2207.51244, fetch failed, undefined 
2206.83574, fetch failed, undefined 
2206.2399479999995, fetch failed, undefined 
2205.6740509999995, fetch failed, undefined 
2205.071914, fetch failed, undefined 
2204.475721, fetch failed, undefined 
2203.8660429999995, fetch failed, undefined 
2202.3175870000005, fetch failed, undefined 
2201.2377690000003, fetch failed, undefined 
2200.4695059999995, fetch failed, undefined 
2199.489335, fetch failed, undefined 
2184.365776, fetch failed, undefined 
2177.429425, fetch failed, undefined 
2174.8196449999996, fetch failed, undefined 
2172.9169400000005, fetch failed, undefined 
2172.435038, fetch failed, undefined 
2171.832341, fetch failed, undefined 
2169.1219579999997, fetch failed, undefined 
2167.4639009999996, fetch failed, undefined 
2166.0747799999995, fetch failed, undefined 
2164.919121, fetch failed, undefined 
2163.8281780000007, fetch failed, undefined 
2161.843104, fetch failed, undefined 
2160.7974810000005, fetch failed, undefined 
2159.8872169999995, fetch failed, undefined 
2159.317668, fetch failed, undefined 
2158.3048870000002, fetch failed, undefined 
2157.5561839999996, fetch failed, undefined 
2156.9340059999995, fetch failed, undefined 
2155.2248880000006, fetch failed, undefined 
2154.6763539999997, fetch failed, undefined 
2153.6647149999994, fetch failed, undefined 
2152.857945, fetch failed, undefined 
2152.1336619999997, fetch failed, undefined 
2151.300459, fetch failed, undefined 
2150.69849, fetch failed, undefined 
2149.8379590000004, fetch failed, undefined 
2149.00121, fetch failed, undefined 
2148.1992590000004, fetch failed, undefined 
2147.555432, fetch failed, undefined 
2146.8913, fetch failed, undefined 
2146.322964, fetch failed, undefined 
2145.130316, fetch failed, undefined 
2144.364256, fetch failed, undefined 
2143.597594, fetch failed, undefined 
2142.9507310000004, fetch failed, undefined 
2142.3324250000005, fetch failed, undefined 
2141.735605, fetch failed, undefined 
2140.862326, fetch failed, undefined 
2139.7001339999997, fetch failed, undefined 
2138.73658, fetch failed, undefined 
2137.994403, fetch failed, undefined 
2136.932737, fetch failed, undefined 
2135.8599860000004, fetch failed, undefined 
2134.943684, fetch failed, undefined 
2134.1944460000004, fetch failed, undefined 
2133.5197390000003, fetch failed, undefined 
2132.4425889999998, fetch failed, undefined 
2131.7252919999996, fetch failed, undefined 
2130.92944, fetch failed, undefined 
2130.157157, fetch failed, undefined 
2129.437557, fetch failed, undefined 
2128.755501, fetch failed, undefined 
2127.8027800000004, fetch failed, undefined 
2126.678628, fetch failed, undefined 
2125.6949489999997, fetch failed, undefined 
2124.6527119999996, fetch failed, undefined 
2123.922966, fetch failed, undefined 
2123.009231, fetch failed, undefined 
2121.923848, fetch failed, undefined 
2120.4057070000003, fetch failed, undefined 
2121.2205799999997, fetch failed, undefined 
2119.836799, fetch failed, undefined 
2109.4868229999997, fetch failed, undefined 
2108.4076640000003, fetch failed, undefined 
2107.398404, fetch failed, undefined 
2106.6536910000004, fetch failed, undefined 
2105.5941350000003, fetch failed, undefined 
2104.882727, fetch failed, undefined 
2103.697311, fetch failed, undefined 
2103.0415410000005, fetch failed, undefined 
2102.4432429999997, fetch failed, undefined 
2101.883103, fetch failed, undefined 
2101.1939650000004, fetch failed, undefined 
2100.4572850000004, fetch failed, undefined 
2098.957477, fetch failed, undefined 
2099.705628999999, fetch failed, undefined 
2098.3523029999997, fetch failed, undefined 
2097.9449860000004, fetch failed, undefined 
2097.502617, fetch failed, undefined 
2096.827188, fetch failed, undefined 
2095.5790499999994, fetch failed, undefined 
2094.541797, fetch failed, undefined 
2093.927895, fetch failed, undefined 
2093.2687019999994, fetch failed, undefined 
2092.639918, fetch failed, undefined 
2092.133940999999, fetch failed, undefined 
2091.094212, fetch failed, undefined 
2090.432044, fetch failed, undefined 
2089.824821, fetch failed, undefined 
2089.1213820000003, fetch failed, undefined 
2088.553032, fetch failed, undefined 
2087.9970919999996, fetch failed, undefined 
2087.472533, fetch failed, undefined 
2086.702536, fetch failed, undefined 
2086.065791, fetch failed, undefined 
2085.2514699999992, fetch failed, undefined 
2084.4314320000003, fetch failed, undefined 
2083.746736, fetch failed, undefined 
2083.1901689999995, fetch failed, undefined 
2082.3882780000004, fetch failed, undefined 
2081.646148, fetch failed, undefined 
2080.5515079999996, fetch failed, undefined 
2079.5014900000006, fetch failed, undefined 
2078.7922289999997, fetch failed, undefined 
2077.8726639999995, fetch failed, undefined 
2077.254521, fetch failed, undefined 
2076.6826679999995, fetch failed, undefined 
2075.9957409999997, fetch failed, undefined 
2075.049494, fetch failed, undefined 
2073.4548809999997, fetch failed, undefined 
2074.4869609999996, fetch failed, undefined 
2072.909506, fetch failed, undefined 
2072.2849130000004, fetch failed, undefined 
2071.7724990000006, fetch failed, undefined 
2071.2641619999995, fetch failed, undefined 
2070.66745, fetch failed, undefined 
2070.012995, fetch failed, undefined 
2069.2146119999998, fetch failed, undefined 
2068.5960889999997, fetch failed, undefined 
2068.235684, fetch failed, undefined 
2067.7792500000005, fetch failed, undefined 
2067.4079680000004, fetch failed, undefined 
2066.9793439999994, fetch failed, undefined 
2066.173707, fetch failed, undefined 
2065.341482, fetch failed, undefined 
2064.7582810000004, fetch failed, undefined 
2064.234783, fetch failed, undefined 
2063.740487, fetch failed, undefined 
2063.2412910000003, fetch failed, undefined 
2062.773047999999, fetch failed, undefined 
2062.192849, fetch failed, undefined 
2061.6158029999997, fetch failed, undefined 
2061.086736, fetch failed, undefined 
2060.3765839999996, fetch failed, undefined 
2059.8582109999998, fetch failed, undefined 
2059.400906, fetch failed, undefined 
2058.8790790000003, fetch failed, undefined 
2058.2544069999994, fetch failed, undefined 
2057.5997579999994, fetch failed, undefined 
2056.714876, fetch failed, undefined 
2055.910291, fetch failed, undefined 
2055.285632, fetch failed, undefined 
2054.7131099999997, fetch failed, undefined 
2054.174481, fetch failed, undefined 
2053.6983180000007, fetch failed, undefined 
2053.107903, fetch failed, undefined 
2051.338825, fetch failed, undefined 
2052.250409, fetch failed, undefined 
2050.669452, fetch failed, undefined 
2049.849446, fetch failed, undefined 
2049.1720209999994, fetch failed, undefined 
2048.653711, fetch failed, undefined 
2048.1668229999996, fetch failed, undefined 
2047.5920489999999, fetch failed, undefined 
2046.8090520000005, fetch failed, undefined 
2046.2143560000004, fetch failed, undefined 
2045.6727120000005, fetch failed, undefined 
2045.1718369999999, fetch failed, undefined 
2044.669629, fetch failed, undefined 
2044.1976220000006, fetch failed, undefined 
2043.748888, fetch failed, undefined 
2043.249127, fetch failed, undefined 
2042.5813319999997, fetch failed, undefined 
2041.9959610000005, fetch failed, undefined 
2041.3047299999998, fetch failed, undefined 
2040.7906839999996, fetch failed, undefined 
2040.3615570000002, fetch failed, undefined 
2039.8309760000002, fetch failed, undefined 
2039.305923, fetch failed, undefined 
2037.5647100000006, fetch failed, undefined 
2038.8050899999998, fetch failed, undefined 
2036.9716039999994, fetch failed, undefined 
2036.13123, fetch failed, undefined 
2035.4934830000002, fetch failed, undefined 
2035.1105559999996, fetch failed, undefined 
2034.4463170000008, fetch failed, undefined 
2033.9130659999992, fetch failed, undefined 
2033.3646170000002, fetch failed, undefined 
2032.7517610000004, fetch failed, undefined 
2032.2039560000003, fetch failed, undefined 
2031.4416470000006, fetch failed, undefined 
2030.82312, fetch failed, undefined 
2030.2346179999995, fetch failed, undefined 
2029.6931169999998, fetch failed, undefined 
2029.0820490000006, fetch failed, undefined 
2028.460553, fetch failed, undefined 
2027.93232, fetch failed, undefined 
2027.512611, fetch failed, undefined 
2027.037456, fetch failed, undefined 
2026.3917440000005, fetch failed, undefined 
2025.7813080000005, fetch failed, undefined 
2025.104937, fetch failed, undefined 
2024.2959270000001, fetch failed, undefined 
2023.6017310000007, fetch failed, undefined 
2022.7975260000003, fetch failed, undefined 
2022.1837610000002, fetch failed, undefined 
2021.4243850000003, fetch failed, undefined 
2020.8122170000006, fetch failed, undefined 
2020.1951580000004, fetch failed, undefined 
2019.6747540000006, fetch failed, undefined 
2019.1322980000004, fetch failed, undefined 
2018.645786, fetch failed, undefined 
2018.2149099999997, fetch failed, undefined 
2017.7169330000006, fetch failed, undefined 
2016.9417569999996, fetch failed, undefined 
2016.2966159999996, fetch failed, undefined 
2015.665317, fetch failed, undefined 
2015.1368739999998, fetch failed, undefined 
2014.580613, fetch failed, undefined 
2014.2105819999997, fetch failed, undefined 
2013.773889, fetch failed, undefined 
2013.3468470000007, fetch failed, undefined 
2012.8430789999993, fetch failed, undefined 
2012.0567280000005, fetch failed, undefined 
2011.509148, fetch failed, undefined 
2010.8076150000006, fetch failed, undefined 
2010.1695200000004, fetch failed, undefined 
2009.551356, fetch failed, undefined 
2008.8850149999998, fetch failed, undefined 
2008.19877, fetch failed, undefined 
2007.466351, fetch failed, undefined 
2006.8859189999994, fetch failed, undefined 
2006.3082349999995, fetch failed, undefined 
2005.6876359999997, fetch failed, undefined 
2005.107715, fetch failed, undefined 
2004.5253050000001, fetch failed, undefined 
2003.9308609999998, fetch failed, undefined 
2003.3173770000003, fetch failed, undefined 
2002.8095359999998, fetch failed, undefined 
2002.2503299999998, fetch failed, undefined 
2001.5463650000002, fetch failed, undefined 
2001.0327429999998, fetch failed, undefined 
2000.4627899999996, fetch failed, undefined 
1999.9646250000005, fetch failed, undefined 
1999.3505419999992, fetch failed, undefined 
1998.8329730000005, fetch failed, undefined 
1998.2358990000002, fetch failed, undefined 
1997.7787069999995, fetch failed, undefined 
1997.3047850000003, fetch failed, undefined 
1996.8147199999994, fetch failed, undefined 
1996.244302, fetch failed, undefined 
1995.446027, fetch failed, undefined 
1994.6908859999994, fetch failed, undefined 
1994.1592760000003, fetch failed, undefined 
1993.470749, fetch failed, undefined 
1992.8710780000001, fetch failed, undefined 
1992.1231069999994, fetch failed, undefined 
1991.5211389999995, fetch failed, undefined 
1990.9371179999998, fetch failed, undefined 
1990.1439069999997, fetch failed, undefined 
1989.4005459999998, fetch failed, undefined 
1988.4896469999994, fetch failed, undefined 
1987.7182729999995, fetch failed, undefined 
1987.0644980000006, fetch failed, undefined 
1986.3973100000003, fetch failed, undefined 
1985.6700259999998, fetch failed, undefined 
1985.132063, fetch failed, undefined 
1984.5525200000002, fetch failed, undefined 
1983.722949, fetch failed, undefined 
1982.9246599999997, fetch failed, undefined 
1982.1369030000005, fetch failed, undefined 
1981.298073, fetch failed, undefined 
1980.2189360000002, fetch failed, undefined 
1979.5820220000005, fetch failed, undefined 
1978.877845, fetch failed, undefined 
1978.0958380000002, fetch failed, undefined 
1977.4613689999996, fetch failed, undefined 
1976.4942099999998, fetch failed, undefined 
1975.7195190000002, fetch failed, undefined 
1975.015268, fetch failed, undefined 
1974.4329800000005, fetch failed, undefined 
1973.7649739999997, fetch failed, undefined 
1972.9928909999999, fetch failed, undefined 
1972.165008, fetch failed, undefined 
1971.0975270000008, fetch failed, undefined 
1970.345335, fetch failed, undefined 
1969.6522680000007, fetch failed, undefined 
1969.039882, fetch failed, undefined 
1968.411298, fetch failed, undefined 
1967.7300079999995, fetch failed, undefined 
1966.9865559999998, fetch failed, undefined 
1963.5316319999993, fetch failed, undefined 
1953.9371929999998, fetch failed, undefined 
1952.421499, fetch failed, undefined 
1951.252955, fetch failed, undefined 
1947.862, fetch failed, undefined 
1946.6542850000005, fetch failed, undefined 
1946.0046869999996, fetch failed, undefined 
1945.189789, fetch failed, undefined 
1944.1672480000007, fetch failed, undefined 
1942.4410090000001, fetch failed, undefined 
1938.3344669999997, fetch failed, undefined 
1937.5690369999993, fetch failed, undefined 
1936.3674369999999, fetch failed, undefined 
1935.3629710000005, fetch failed, undefined 
1933.251131, fetch failed, undefined 
1931.7916730000006, fetch failed, undefined 
1929.9565199999997, fetch failed, undefined 
1928.977841, fetch failed, undefined 
1927.3285569999998, fetch failed, undefined 
1925.1429520000002, fetch failed, undefined 
1921.782929, fetch failed, undefined 
1920.3858900000005, fetch failed, undefined 
1914.6532040000002, fetch failed, undefined 
1913.820122, fetch failed, undefined 
1912.788743, fetch failed, undefined 
1911.687605, fetch failed, undefined 
1910.5097499999993, fetch failed, undefined 
1909.121432, fetch failed, undefined 
1906.9498480000002, fetch failed, undefined 
1905.6784179999995, fetch failed, undefined 
1904.5135339999997, fetch failed, undefined 
1901.8477509999993, fetch failed, undefined 
1900.55782, fetch failed, undefined 
1899.673772, fetch failed, undefined 
1898.7031390000002, fetch failed, undefined 
1897.4966560000003, fetch failed, undefined 
1896.198829, fetch failed, undefined 
1894.8971339999998, fetch failed, undefined 
1893.9968659999995, fetch failed, undefined 
1891.7909950000003, fetch failed, undefined 
1890.8477869999997, fetch failed, undefined 
1889.9271280000003, fetch failed, undefined 
1889.2332429999997, fetch failed, undefined 
1886.6689500000002, fetch failed, undefined 
1885.192183, fetch failed, undefined 
1883.6855340000002, fetch failed, undefined 
1882.3868550000007, fetch failed, undefined 
1880.4911659999998, fetch failed, undefined 
1879.0389020000002, fetch failed, undefined 
1877.7181689999998, fetch failed, undefined 
1876.8119589999997, fetch failed, undefined 
1875.0939289999997, fetch failed, undefined 
1874.2162110000008, fetch failed, undefined 
1873.4924490000003, fetch failed, undefined 
1872.0914550000007, fetch failed, undefined 
1871.1831350000002, fetch failed, undefined 
1870.5605269999996, fetch failed, undefined 
1869.4310140000007, fetch failed, undefined 
1868.8372840000002, fetch failed, undefined 
1868.0844840000009, fetch failed, undefined 
1867.4307069999995, fetch failed, undefined 
1866.84839, fetch failed, undefined 
1865.7052810000005, fetch failed, undefined 
1866.391549, fetch failed, undefined 
1864.4826189999994, fetch failed, undefined 
1863.7750610000003, fetch failed, undefined 
1862.496166, fetch failed, undefined 
1860.964317, fetch failed, undefined 
1860.217205, fetch failed, undefined 
1858.069775, fetch failed, undefined 
1856.543267, fetch failed, undefined 
1855.9165510000003, fetch failed, undefined 
1855.2372459999997, fetch failed, undefined 
1854.4189450000003, fetch failed, undefined 
1853.527271, fetch failed, undefined 
1852.0302029999993, fetch failed, undefined 
1852.8350719999999, fetch failed, undefined 
1851.3948609999998, fetch failed, undefined 
1850.4081390000001, fetch failed, undefined 
1849.549763, fetch failed, undefined 
1848.064359, fetch failed, undefined 
1847.3626869999998, fetch failed, undefined 
1846.144365, fetch failed, undefined 
1845.0395789999993, fetch failed, undefined 
1844.1741220000004, fetch failed, undefined 
1843.2096819999997, fetch failed, undefined 
1841.439534, fetch failed, undefined 
1842.659221, fetch failed, undefined 
1840.9147729999995, fetch failed, undefined 
1840.3737229999997, fetch failed, undefined 
1839.776127, fetch failed, undefined 
1838.754774, fetch failed, undefined 
1837.7966669999996, fetch failed, undefined 
1836.2181619999992, fetch failed, undefined 
1837.1745490000003, fetch failed, undefined 
1835.7618239999993, fetch failed, undefined 
1835.2501969999994, fetch failed, undefined 
1833.0194869999996, fetch failed, undefined 
1834.2966050000005, fetch failed, undefined 
1830.8018080000002, fetch failed, undefined 
1829.9633379999996, fetch failed, undefined 
1832.1157279999998, fetch failed, undefined 
1829.1887959999995, fetch failed, undefined 
1828.5288689999998, fetch failed, undefined 
1826.8444399999998, fetch failed, undefined 
1827.8446730000005, fetch failed, undefined 
1826.0656870000003, fetch failed, undefined 
1825.1731789999994, fetch failed, undefined 
1824.4380979999996, fetch failed, undefined 
1823.767911, fetch failed, undefined 
1823.1475630000004, fetch failed, undefined 
1813.2162309999994, fetch failed, undefined 
1812.607908, fetch failed, undefined 
1811.9608499999995, fetch failed, undefined 
1811.3914710000008, fetch failed, undefined 
1810.6056099999996, fetch failed, undefined 
1809.758084, fetch failed, undefined 
1809.1057220000002, fetch failed, undefined 
1808.2856610000008, fetch failed, undefined 
1807.6811549999993, fetch failed, undefined 
1807.0825680000007, fetch failed, undefined 
1806.6158520000008, fetch failed, undefined 
1806.0148630000003, fetch failed, undefined 
1805.3204649999998, fetch failed, undefined 
1804.4120789999997, fetch failed, undefined 
1803.5062319999997, fetch failed, undefined 
1802.587203, fetch failed, undefined 
1801.8964610000003, fetch failed, undefined 
1800.9754700000003, fetch failed, undefined 
1800.119898, fetch failed, undefined 
1799.3170339999997, fetch failed, undefined 
1798.1741199999997, fetch failed, undefined 
1797.414412, fetch failed, undefined 
1796.5419469999997, fetch failed, undefined 
1795.7105659999997, fetch failed, undefined 
1794.5886099999998, fetch failed, undefined 
1793.8238890000002, fetch failed, undefined 
1793.199635, fetch failed, undefined 
1792.5903019999996, fetch failed, undefined 
1792.1016040000004, fetch failed, undefined 
1791.4838839999993, fetch failed, undefined 
1790.8615659999996, fetch failed, undefined 
1790.0832599999994, fetch failed, undefined 
1789.0798839999998, fetch failed, undefined 
1788.4132319999999, fetch failed, undefined 
1787.727003, fetch failed, undefined 
1787.1642549999997, fetch failed, undefined 
1786.595437, fetch failed, undefined 
1785.259983, fetch failed, undefined 
1784.001311, fetch failed, undefined 
1782.5658599999997, fetch failed, undefined 
1783.397704, fetch failed, undefined 
1782.0006410000005, fetch failed, undefined 
1781.304416, fetch failed, undefined 
1780.6943780000001, fetch failed, undefined 
1780.1790439999995, fetch failed, undefined 
1779.5876040000003, fetch failed, undefined 
1778.9646780000003, fetch failed, undefined 
1778.2468239999998, fetch failed, undefined 
1777.6844519999995, fetch failed, undefined 
1777.1624470000006, fetch failed, undefined 
1776.6447799999996, fetch failed, undefined 
1775.965959, fetch failed, undefined 
1775.0717530000002, fetch failed, undefined 
1774.470397, fetch failed, undefined 
1773.4555719999998, fetch failed, undefined 
1772.8253519999998, fetch failed, undefined 
1772.1193209999992, fetch failed, undefined 
1771.3648279999998, fetch failed, undefined 
1770.823472, fetch failed, undefined 
1770.0889550000002, fetch failed, undefined 
1769.4632849999998, fetch failed, undefined 
1768.7621529999997, fetch failed, undefined 
1768.0225630000004, fetch failed, undefined 
1767.3250159999998, fetch failed, undefined 
1766.645128, fetch failed, undefined 
1765.8774710000007, fetch failed, undefined 
1765.1205039999995, fetch failed, undefined 
1764.5383279999996, fetch failed, undefined 
1763.9671580000004, fetch failed, undefined 
1763.5049829999998, fetch failed, undefined 
1763.0449230000004, fetch failed, undefined 
1762.477868, fetch failed, undefined 
1761.8674229999997, fetch failed, undefined 
1761.2859859999999, fetch failed, undefined 
1759.3883700000006, fetch failed, undefined 
1758.5640780000003, fetch failed, undefined 
1757.1386410000005, fetch failed, undefined 
1756.3137959999995, fetch failed, undefined 
1755.5843610000002, fetch failed, undefined 
1754.8889760000002, fetch failed, undefined 
1752.8607920000004, fetch failed, undefined 
1754.1162560000002, fetch failed, undefined 
1752.0473579999998, fetch failed, undefined 
1751.2474379999994, fetch failed, undefined 
1750.31412, fetch failed, undefined 
1749.5017559999997, fetch failed, undefined 
1748.8278689999997, fetch failed, undefined 
1748.0438799999993, fetch failed, undefined 
1747.321492, fetch failed, undefined 
1746.4993610000001, fetch failed, undefined 
1745.6205360000004, fetch failed, undefined 
1744.984227, fetch failed, undefined 
1741.943894, fetch failed, undefined 
1744.1605769999996, fetch failed, undefined 
1741.0760220000002, fetch failed, undefined 
1740.2465510000002, fetch failed, undefined 
1739.6923719999995, fetch failed, undefined 
1737.3991619999997, fetch failed, undefined 
1736.3351380000004, fetch failed, undefined 
1734.851557, fetch failed, undefined 
1733.677431, fetch failed, undefined 
1732.7137000000002, fetch failed, undefined 
1731.761289, fetch failed, undefined 
1731.0102150000002, fetch failed, undefined 
1730.220574, fetch failed, undefined 
1726.8414739999998, fetch failed, undefined 
1725.8300600000002, fetch failed, undefined 
1724.8539279999995, fetch failed, undefined 
1722.0655809999998, fetch failed, undefined 
1721.2458420000003, fetch failed, undefined 
1720.5112880000006, fetch failed, undefined 
1719.9839429999993, fetch failed, undefined 
1719.1456529999996, fetch failed, undefined 
1717.6282359999996, fetch failed, undefined 
1716.0939589999998, fetch failed, undefined 
1715.448445, fetch failed, undefined 
1714.7303419999998, fetch failed, undefined 
1713.655369, fetch failed, undefined 
1712.269867, fetch failed, undefined 
1710.735447, fetch failed, undefined 
1709.946194, fetch failed, undefined 
1709.3493669999998, fetch failed, undefined 
1708.8721140000007, fetch failed, undefined 
1707.6145850000003, fetch failed, undefined 
1706.8109999999997, fetch failed, undefined 
1705.3367040000003, fetch failed, undefined 
1704.7127030000001, fetch failed, undefined 
1704.1835379999993, fetch failed, undefined 
1703.4934299999995, fetch failed, undefined 
1702.8720139999996, fetch failed, undefined 
1701.9734909999997, fetch failed, undefined 
1699.6917460000004, fetch failed, undefined 
1698.4443, fetch failed, undefined 
1696.140144, fetch failed, undefined 
1694.8174120000003, fetch failed, undefined 
1693.7390930000001, fetch failed, undefined 
1691.7183239999995, fetch failed, undefined 
1690.4417359999998, fetch failed, undefined 
1688.9821330000004, fetch failed, undefined 
1564.5896550000007, fetch failed, undefined 
1563.8678889999992, fetch failed, undefined 
1562.7067310000002, fetch failed, undefined 
1561.8326619999998, fetch failed, undefined 
1560.5774379999993, fetch failed, undefined 
1561.2555469999998, fetch failed, undefined 
1560.241078, fetch failed, undefined 
1558.465854, fetch failed, undefined 
1556.2999930000005, fetch failed, undefined 
1557.1499979999999, fetch failed, undefined 
1555.0924080000004, fetch failed, undefined 
1553.4058210000003, fetch failed, undefined 
1554.3583800000006, fetch failed, undefined 
1552.6372579999997, fetch failed, undefined 
1550.9720209999996, fetch failed, undefined 
1551.6918219999998, fetch failed, undefined 
1550.6165490000003, fetch failed, undefined 
1549.8960070000003, fetch failed, undefined 
1549.2178489999997, fetch failed, undefined 
1548.6562219999996, fetch failed, undefined 
1547.597769, fetch failed, undefined 
1545.5129809999999, fetch failed, undefined 
1544.7481289999996, fetch failed, undefined 
1543.8853920000001, fetch failed, undefined 
1543.2843980000007, fetch failed, undefined 
1542.2739000000001, fetch failed, undefined 
1541.6062390000006, fetch failed, undefined 
1540.5111550000001, fetch failed, undefined 
1539.8806260000001, fetch failed, undefined 
1539.2135550000003, fetch failed, undefined 
1537.6777120000006, fetch failed, undefined 
1538.9714880000001, fetch failed, undefined 
1537.2437490000002, fetch failed, undefined 
1536.0362939999995, fetch failed, undefined 
1535.6288370000002, fetch failed, undefined 
1534.8005199999998, fetch failed, undefined 
1533.9125329999997, fetch failed, undefined 
1532.630894, fetch failed, undefined 
1531.3675620000004, fetch failed, undefined 
1530.0296479999997, fetch failed, undefined 
1530.8715849999999, fetch failed, undefined 
1529.6860310000002, fetch failed, undefined 
1529.2691910000003, fetch failed, undefined 
1528.81398, fetch failed, undefined 
1527.9438610000007, fetch failed, undefined 
1527.352586, fetch failed, undefined 
1525.7343270000001, fetch failed, undefined 
1526.4760509999996, fetch failed, undefined 
1524.1483080000007, fetch failed, undefined 
1523.392025, fetch failed, undefined 
1525.5902969999997, fetch failed, undefined 
1521.4938619999994, fetch failed, undefined 
1520.6742920000006, fetch failed, undefined 
1519.740428, fetch failed, undefined 
1518.6847150000003, fetch failed, undefined 
1517.808435, fetch failed, undefined 
1516.8528350000006, fetch failed, undefined 
1515.3802959999994, fetch failed, undefined 
1516.1344310000004, fetch failed, undefined 
1514.146433, fetch failed, undefined 
1515.0980180000006, fetch failed, undefined 
1513.7475939999995, fetch failed, undefined 
1513.1932609999994, fetch failed, undefined 
1512.42396, fetch failed, undefined 
1511.3426959999997, fetch failed, undefined 
1512.164514, fetch failed, undefined 
1511.1400169999997, fetch failed, undefined 
1510.2304489999997, fetch failed, undefined 
1510.8293749999993, fetch failed, undefined 
1509.7412050000003, fetch failed, undefined 
1508.860718, fetch failed, undefined 
1507.6306240000004, fetch failed, undefined 
1507.072032, fetch failed, undefined 
1505.151226, fetch failed, undefined 
1506.689206, fetch failed, undefined 
1503.9752790000002, fetch failed, undefined 
1503.3573450000004, fetch failed, undefined 
1434.4283489999998, fetch failed, undefined 
1431.11816, fetch failed, undefined 
1429.8324969999994, fetch failed, undefined 
1423.6344480000007, fetch failed, undefined 
1422.3078029999997, fetch failed, undefined 
1421.4666290000005, fetch failed, undefined 
1420.6950470000002, fetch failed, undefined 
1416.6729420000001, fetch failed, undefined 
1415.5438719999993, fetch failed, undefined 
1414.309134, fetch failed, undefined 
1412.8964920000008, fetch failed, undefined 
1410.6460829999996, fetch failed, undefined 
1409.1937820000003, fetch failed, undefined 
1408.1237930000007, fetch failed, undefined 
1407.0341289999997, fetch failed, undefined 
1405.0648330000004, fetch failed, undefined 
1403.2325630000005, fetch failed, undefined 
1402.4386090000007, fetch failed, undefined 
1401.5528350000004, fetch failed, undefined 
1400.8261870000006, fetch failed, undefined 
1399.412918, fetch failed, undefined 
1398.0733769999997, fetch failed, undefined 
1397.1253470000001, fetch failed, undefined 
1395.9025970000002, fetch failed, undefined 
1393.3965939999998, fetch failed, undefined 
1394.5137459999996, fetch failed, undefined 
1392.1975059999995, fetch failed, undefined 
1390.87118, fetch failed, undefined 
1386.165696, fetch failed, undefined 
1383.8588769999997, fetch failed, undefined 
1375.1581449999994, fetch failed, undefined 
1381.2831589999996, fetch failed, undefined 
1374.4780630000005, fetch failed, undefined 
1373.9607740000001, fetch failed, undefined 
1367.4488820000006, fetch failed, undefined 
1372.8380149999994, fetch failed, undefined 
1363.6188710000006, fetch failed, undefined 
1365.1886969999996, fetch failed, undefined 
1359.9748319999999, fetch failed, undefined 
1359.1716509999997, fetch failed, undefined 
1358.58414, fetch failed, undefined 
1356.1307780000006, fetch failed, undefined 
1357.527559, fetch failed, undefined 
1354.1039879999998, fetch failed, undefined 
1355.0161989999997, fetch failed, undefined 
1352.2320099999997, fetch failed, undefined 
1353.5668729999998, fetch failed, undefined 
1349.458337, fetch failed, undefined 
1351.4779250000001, fetch failed, undefined 
1348.623737, fetch failed, undefined 
1345.7558719999997, fetch failed, undefined 
1347.5387810000002, fetch failed, undefined 
1344.6835380000002, fetch failed, undefined 
1342.47995, fetch failed, undefined 
1343.4702980000002, fetch failed, undefined 
1341.8676260000002, fetch failed, undefined 
1340.1172829999996, fetch failed, undefined 
1341.1138309999997, fetch failed, undefined 
1337.7929839999997, fetch failed, undefined 
1339.3160269999998, fetch failed, undefined 
1336.8813930000006, fetch failed, undefined 
1335.3332639999999, fetch failed, undefined 
1334.398212, fetch failed, undefined 
1332.5282660000003, fetch failed, undefined 
1333.471031, fetch failed, undefined 
1331.2717229999998, fetch failed, undefined 
1329.989103, fetch failed, undefined 
1327.7031390000002, fetch failed, undefined 
1329.205508, fetch failed, undefined 
1327.124745, fetch failed, undefined 
1314.4524279999996, fetch failed, undefined 
1313.0273069999994, fetch failed, undefined 
1312.0423560000008, fetch failed, undefined 
1311.4734880000005, fetch failed, undefined 
1310.0297769999997, fetch failed, undefined 
1311.0830369999994, fetch failed, undefined 
1308.528249, fetch failed, undefined 
1307.3379439999999, fetch failed, undefined 
1306.4976429999997, fetch failed, undefined 
1305.4771549999996, fetch failed, undefined 
1303.9513729999999, fetch failed, undefined 
1302.5746060000001, fetch failed, undefined 
1301.5041840000004, fetch failed, undefined 
1299.9360769999994, fetch failed, undefined 
1299.1349180000007, fetch failed, undefined 
1297.937634, fetch failed, undefined 
1296.475292, fetch failed, undefined 
1295.6585020000002, fetch failed, undefined 
1294.856565, fetch failed, undefined 
1293.6945159999996, fetch failed, undefined 
1292.5999000000002, fetch failed, undefined 
1291.4289899999994, fetch failed, undefined 
1290.5896670000002, fetch failed, undefined 
1289.733725, fetch failed, undefined 
1288.5945940000001, fetch failed, undefined 
1287.8314130000008, fetch failed, undefined 
1287.0376460000007, fetch failed, undefined 
1285.5891039999997, fetch failed, undefined 
1284.1771689999996, fetch failed, undefined 
1282.8754710000003, fetch failed, undefined 
1281.7680419999997, fetch failed, undefined 
1281.1374819999992, fetch failed, undefined 
1280.2267229999998, fetch failed, undefined 
1279.2102090000008, fetch failed, undefined 
1278.230799, fetch failed, undefined 
1277.2181610000007, fetch failed, undefined 
1276.3721309999992, fetch failed, undefined 
1275.5120380000008, fetch failed, undefined 
1274.6779510000006, fetch failed, undefined 
1273.4289330000001, fetch failed, undefined 
1272.541545, fetch failed, undefined 
1271.6188310000007, fetch failed, undefined 
1270.2800510000006, fetch failed, undefined 
1269.37126, fetch failed, undefined 
1268.5514080000003, fetch failed, undefined 
1267.6498999999994, fetch failed, undefined 
1266.5772159999997, fetch failed, undefined 
1264.6507119999997, fetch failed, undefined 
1265.9989059999998, fetch failed, undefined 
1263.2098319999996, fetch failed, undefined 
1264.058153, fetch failed, undefined 
1262.2560349999994, fetch failed, undefined 
1261.46875, fetch failed, undefined 
1260.4139079999995, fetch failed, undefined 
1259.134551, fetch failed, undefined 
1258.1545379999998, fetch failed, undefined 
1257.2956559999993, fetch failed, undefined 
1256.0162060000002, fetch failed, undefined 
1254.449737, fetch failed, undefined 
1252.9571509999996, fetch failed, undefined 
1251.7568, fetch failed, undefined 
1251.0175029999991, fetch failed, undefined 
1250.1432439999999, fetch failed, undefined 
1249.2620970000007, fetch failed, undefined 
1248.2872220000008, fetch failed, undefined 
1247.2307840000003, fetch failed, undefined 
1246.2446919999993, fetch failed, undefined 
1245.3311440000007, fetch failed, undefined 
1244.1622399999997, fetch failed, undefined 
1243.1126510000004, fetch failed, undefined 
1241.8570900000004, fetch failed, undefined 
1241.0570010000001, fetch failed, undefined 
1239.9306800000004, fetch failed, undefined 
1238.9612070000003, fetch failed, undefined 
1237.9670239999996, fetch failed, undefined 
1236.0723929999995, fetch failed, undefined 
1235.1075600000004, fetch failed, undefined 
1233.314542, fetch failed, undefined 
1232.5041609999998, fetch failed, undefined 
1231.6971159999994, fetch failed, undefined 
1230.8166110000002, fetch failed, undefined 
1229.6040790000006, fetch failed, undefined 
1228.7058120000002, fetch failed, undefined 
1227.7204140000003, fetch failed, undefined 
1226.9771030000002, fetch failed, undefined 
1226.1670000000004, fetch failed, undefined 
1225.2280890000002, fetch failed, undefined 
1221.6631890000008, fetch failed, undefined 
